Score, Title, Reviews Count, Link, Release Date
40.04,40.04,16 Zhang Mahjong,1,https://segaretro.org/16_Zhang_Mahjong,
46.05,46.05,3 Ninjas Kick Back,3,https://segaretro.org/3_Ninjas_Kick_Back,1994-12-01
76.05,76.05,688 Attack Sub,28,https://segaretro.org/688_Attack_Sub,1991-07-01
55.05,55.05,A Bug's Life,3,https://segaretro.org/A_Bug%27s_Life_(Mega_Drive),
75.08,75.08,A Dinosaur's Tale,1,https://segaretro.org/A_Dinosaur%27s_Tale,1993-09-01
53.14,53.14,A Ressha de Ikou MD,5,https://segaretro.org/A_Ressha_de_Ikou_MD,1992-04-10
56.97,56.97,Aa Harimanada,8,https://segaretro.org/Aa_Harimanada,1993-09-03
71.24,71.24,Aaahh!!! Real Monsters,17,https://segaretro.org/Aaahh!!!_Real_Monsters,1995-06-01
40.04,40.04,Action 52,2,https://segaretro.org/Action_52,1992-05-01
67.67,67.67,Addams Family Values,9,https://segaretro.org/Addams_Family_Values,1995-06-01
73.68,73.68,Advanced Busterhawk Gley Lancer,25,https://segaretro.org/Advanced_Busterhawk_Gley_Lancer,1992-07-17
83.82,83.82,Advanced Daisenryaku: Deutsch Dengeki Sakusen,8,https://segaretro.org/Advanced_Daisenryaku:_Deutsch_Dengeki_Sakusen,1991-06-17
50.05,50.05,Adventurous Boy: Mao Xian Xiao Zi,1,https://segaretro.org/Adventurous_Boy:_Mao_Xian_Xiao_Zi,
77.54,77.54,Aero the Acro-Bat,30,https://segaretro.org/Aero_the_Acro-Bat,1993-10-01
74.02,74.02,Aero the Acro-Bat 2,19,https://segaretro.org/Aero_the_Acro-Bat_2,1995-01-01
72.55,72.55,Aerobiz,14,https://segaretro.org/Aerobiz,1992-06-01
68.37,68.37,Aerobiz Supersonic,12,https://segaretro.org/Aerobiz_Supersonic,1994-02-18
75.05,75.05,After Burner II,38,https://segaretro.org/After_Burner_II,1990-03-23
72.51,72.51,Air Buster: Trouble Specialty Raid Unit,25,https://segaretro.org/Air_Buster:_Trouble_Specialty_Raid_Unit,1991-01-31
60.99,60.99,Air Diver,24,https://segaretro.org/Air_Diver,1990-03-09
75.06,75.06,Al Michaels Announces HardBall III,19,https://segaretro.org/Al_Michaels_Announces_HardBall_III,1993-06-01
53.33,53.33,Aladdin 2001,3,https://segaretro.org/Aladdin_2001,
85.59,85.59,Aladdin II,4,https://segaretro.org/Aladdin_II,
66.91,66.91,Alex Kidd in the Enchanted Castle,27,https://segaretro.org/Alex_Kidd_in_the_Enchanted_Castle,1989-02-10
80.00,80.00,Alien 3,47,https://segaretro.org/Alien_3,1992-10-01
73.74,73.74,Alien Soldier,24,https://segaretro.org/Alien_Soldier,1995-02-24
68.46,68.46,Alien Storm,41,https://segaretro.org/Alien_Storm_(Mega_Drive),1991-06-28
79.63,79.63,Alisia Dragoon,34,https://segaretro.org/Alisia_Dragoon,1992-02-01
59.35,59.35,Altered Beast,22,https://segaretro.org/Altered_Beast,1988-11-27
49.65,49.65,American Gladiators,10,https://segaretro.org/American_Gladiators,1993-02-01
61.50,61.50,Andre Agassi Tennis,23,https://segaretro.org/Andre_Agassi_Tennis,1992-12-01
76.81,76.81,Animaniacs,29,https://segaretro.org/Animaniacs,1994-11-01
82.35,82.35,Another World,36,https://segaretro.org/Another_World,1993-03-01
40.04,40.04,Aq Renkan Awa,1,https://segaretro.org/Aq_Renkan_Awa,
38.34,38.34,Arcade Classics,8,https://segaretro.org/Arcade_Classics,1996-06-01
61.68,61.68,Arch Rivals,30,https://segaretro.org/Arch_Rivals,1992-05-01
74.14,74.14,Arcus Odyssey,25,https://segaretro.org/Arcus_Odyssey,1991-06-14
57.72,57.72,Ariel the Little Mermaid,23,https://segaretro.org/Ariel_the_Little_Mermaid,1992-12-01
75.40,75.40,Arnold Palmer Tournament Golf,27,https://segaretro.org/Arnold_Palmer_Tournament_Golf,1989-09-09
60.42,60.42,Arrow Flash,29,https://segaretro.org/Arrow_Flash,1990-10-20
57.59,57.59,Art Alive!,22,https://segaretro.org/Art_Alive!,1991-06-01
61.76,61.76,Art of Fighting,34,https://segaretro.org/Art_of_Fighting,1994-01-14
70.70,70.70,Astérix and the Great Rescue,29,https://segaretro.org/Ast%C3%A9rix_and_the_Great_Rescue_(Mega_Drive),1993-10-01
74.29,74.29,Astérix and the Power of the Gods,19,https://segaretro.org/Ast%C3%A9rix_and_the_Power_of_the_Gods,1995-04-01
64.55,64.55,Atomic Robo-Kid,24,https://segaretro.org/Atomic_Robo-Kid,1990-12-14
72.15,72.15,Atomic Runner,30,https://segaretro.org/Atomic_Runner,1992-06-01
75.73,75.73,ATP Tour Championship Tennis,24,https://segaretro.org/ATP_Tour_Championship_Tennis,1995-03-01
75.08,75.08,Australian Rugby League,5,https://segaretro.org/Australian_Rugby_League,1995-12-01
57.33,57.33,Awesome Possum Kicks Dr. Machino's Butt!,20,https://segaretro.org/Awesome_Possum_Kicks_Dr._Machino%27s_Butt!,1993-11-01
45.33,45.33,AWS Pro Moves Soccer,12,https://segaretro.org/AWS_Pro_Moves_Soccer,1993-11-01
78.46,78.46,Ayrton Senna's Super Monaco GP II,40,https://segaretro.org/Ayrton_Senna%27s_Super_Monaco_GP_II,1992-07-17
67.07,67.07,B.O.B.,33,https://segaretro.org/B.O.B.,1993-08-01
50.41,50.41,Back to the Future Part III,22,https://segaretro.org/Back_to_the_Future_Part_III,1991-06-01
73.43,73.43,Bahamut Senki,5,https://segaretro.org/Bahamut_Senki,1991-03-08
53.38,53.38,Ball Jacks,21,https://segaretro.org/Ball_Jacks,1993-04-23
77.78,77.78,Ballz 3D,27,https://segaretro.org/Ballz_3D,1994-09-01
53.05,53.05,Barbie Super Model,2,https://segaretro.org/Barbie_Super_Model,1993-06-01
51.76,51.76,Barkley Shut Up and Jam 2,10,https://segaretro.org/Barkley_Shut_Up_and_Jam_2,1995-06-01
68.04,68.04,Barkley Shut Up and Jam!,29,https://segaretro.org/Barkley_Shut_Up_and_Jam!,1994-02-01
17.42,17.42,Barney's Hide & Seek Game,5,https://segaretro.org/Barney%27s_Hide_%26_Seek_Game,1993-06-01
54.76,54.76,Bass Masters Classic,4,https://segaretro.org/Bass_Masters_Classic,1995-07-01
59.56,59.56,Bass Masters Classic: Pro Edition,2,https://segaretro.org/Bass_Masters_Classic:_Pro_Edition,1996-10-01
78.05,78.05,Batman,38,https://segaretro.org/Batman,1990-07-27
75.96,75.96,Batman Forever,24,https://segaretro.org/Batman_Forever_(Mega_Drive),1995-09-07
64.42,64.42,Batman Returns,35,https://segaretro.org/Batman_Returns_(Mega_Drive),1992-10-01
65.39,65.39,Batman: Revenge of The Joker,23,https://segaretro.org/Batman:_Revenge_of_The_Joker,1992-11-01
51.98,51.98,Battle Golfer Yui,11,https://segaretro.org/Battle_Golfer_Yui,1991-02-15
68.81,68.81,Battle Mania Daiginjou,7,https://segaretro.org/Battle_Mania_Daiginjou,1993-12-24
77.59,77.59,Battle Squadron,25,https://segaretro.org/Battle_Squadron,1990-12-01
68.76,68.76,Battlemaster,8,https://segaretro.org/Battlemaster,1991-11-01
78.72,78.72,Battletech: A Game of Armored Combat,18,https://segaretro.org/Battletech:_A_Game_of_Armored_Combat,1994-09-01
71.29,71.29,Battletoads,35,https://segaretro.org/Battletoads,1993-03-01
50.63,50.63,Battletoads/Double Dragon: The Ultimate Team,8,https://segaretro.org/Battletoads/Double_Dragon:_The_Ultimate_Team,1993-12-01
43.17,43.17,Beast Wrestler,19,https://segaretro.org/Beast_Wrestler,1991-11-29
49.23,49.23,Beauty and the Beast: Belle's Quest,13,https://segaretro.org/Beauty_and_the_Beast:_Belle%27s_Quest,1993-06-01
49.55,49.55,Beauty and the Beast: Roar of the Beast,16,https://segaretro.org/Beauty_and_the_Beast:_Roar_of_the_Beast,1993-06-01
62.96,62.96,Beavis and Butt-Head,26,https://segaretro.org/Beavis_and_Butt-Head_(Mega_Drive),1994-10-01
60.35,60.35,Best of the Best: Championship Karate,16,https://segaretro.org/Best_of_the_Best:_Championship_Karate,1993-01-29
73.17,73.17,Bill Walsh College Football,28,https://segaretro.org/Bill_Walsh_College_Football,1993-08-01
71.17,71.17,Bill Walsh College Football '95,5,https://segaretro.org/Bill_Walsh_College_Football_%2795,1994-09-01
54.85,54.85,Bimini Run,13,https://segaretro.org/Bimini_Run,1991-05-01
75.28,75.28,Bio-Hazard Battle,29,https://segaretro.org/Bio-Hazard_Battle,1992-10-30
52.21,52.21,Bishoujo Senshi Sailor Moon,6,https://segaretro.org/Bishoujo_Senshi_Sailor_Moon,1994-07-08
66.20,66.20,Blades of Vengeance,32,https://segaretro.org/Blades_of_Vengeance,1993-12-01
73.02,73.02,Blaster Master 2,15,https://segaretro.org/Blaster_Master_2,1993-06-01
76.47,76.47,Blockout,30,https://segaretro.org/Blockout,1991-06-01
69.14,69.14,Bloodshot,21,https://segaretro.org/Bloodshot,1995-01-01
56.15,56.15,Blue Almanac,8,https://segaretro.org/Blue_Almanac,1991-06-22
72.93,72.93,Body Count,15,https://segaretro.org/Body_Count,1994-07-01
65.60,65.60,Bonanza Bros.,36,https://segaretro.org/Bonanza_Bros.,1991-05-17
65.69,65.69,Bonkers,16,https://segaretro.org/Bonkers,1994-10-01
76.38,76.38,Boogerman: A Pick and Flick Adventure,34,https://segaretro.org/Boogerman:_A_Pick_and_Flick_Adventure,1994-11-18
68.68,68.68,Boxing Legends of The Ring,14,https://segaretro.org/Boxing_Legends_of_The_Ring,1993-10-01
55.08,55.08,Bram Stoker's Dracula,13,https://segaretro.org/Bram_Stoker%27s_Dracula_(Mega_Drive),1993-06-01
77.58,77.58,BreakThru!,2,https://segaretro.org/BreakThru!,
53.89,53.89,Brett Hull Hockey '95,14,https://segaretro.org/Brett_Hull_Hockey_%2795,1994-12-01
79.67,79.67,Brian Lara Cricket,9,https://segaretro.org/Brian_Lara_Cricket,1995-05-12
81.67,81.67,Brian Lara Cricket 96,6,https://segaretro.org/Brian_Lara_Cricket_96,1996-05-17
70.79,70.79,Brutal: Paws of Fury,7,https://segaretro.org/Brutal:_Paws_of_Fury,1994-06-01
79.03,79.03,Bubba 'N' Stix,40,https://segaretro.org/Bubba_%27N%27_Stix,1994-06-01
74.12,74.12,Bubble and Squeak,13,https://segaretro.org/Bubble_and_Squeak,1994-07-01
80.20,80.20,Bubsy II,28,https://segaretro.org/Bubsy_II,1994-10-15
81.78,81.78,Bubsy in Claws Encounters of the Furred Kind,36,https://segaretro.org/Bubsy_in_Claws_Encounters_of_the_Furred_Kind,1993-07-01
81.90,81.90,Buck Rogers: Countdown to Doomsday,29,https://segaretro.org/Buck_Rogers:_Countdown_to_Doomsday,1991-12-01
71.04,71.04,Budokan: The Martial Spirit,28,https://segaretro.org/Budokan:_The_Martial_Spirit,1990-07-01
62.56,62.56,Bugs Bunny in Double Trouble,22,https://segaretro.org/Bugs_Bunny_in_Double_Trouble,1996-07-01
67.93,67.93,Bulls versus Blazers and the NBA Playoffs,19,https://segaretro.org/Bulls_versus_Blazers_and_the_NBA_Playoffs,1993-02-28
73.63,73.63,Bulls vs Lakers and the NBA Playoffs,30,https://segaretro.org/Bulls_vs_Lakers_and_the_NBA_Playoffs,1992-06-01
59.37,59.37,Burning Force,32,https://segaretro.org/Burning_Force,1990-10-19
65.86,65.86,Cadash,17,https://segaretro.org/Cadash,1992-04-01
59.83,59.83,Caesars Palace,6,https://segaretro.org/Caesars_Palace,1994-02-01
64.86,64.86,Cal Ripken Jr. Baseball,7,https://segaretro.org/Cal_Ripken_Jr._Baseball,1992-06-01
46.22,46.22,Caliber.50,9,https://segaretro.org/Caliber.50,1991-12-01
74.48,74.48,California Games,28,https://segaretro.org/California_Games,1991-12-01
85.48,85.48,Cannon Fodder,27,https://segaretro.org/Cannon_Fodder,1995-01-01
53.12,53.12,Captain America and the Avengers,30,https://segaretro.org/Captain_America_and_the_Avengers,1992-12-01
49.47,49.47,Captain Planet and the Planeteers,17,https://segaretro.org/Captain_Planet_and_the_Planeteers,1993-06-01
87.50,87.50,Castle of Illusion Starring Mickey Mouse,44,https://segaretro.org/Castle_of_Illusion_Starring_Mickey_Mouse_(Mega_Drive),1990-11-21
78.41,78.41,Castlevania: Bloodlines,44,https://segaretro.org/Castlevania:_Bloodlines,1993-12-01
66.03,66.03,Centurion: Defender of Rome,24,https://segaretro.org/Centurion:_Defender_of_Rome,1991-07-01
73.48,73.48,Chakan,32,https://segaretro.org/Chakan_(Mega_Drive),1992-11-01
47.38,47.38,Champions World Class Soccer,19,https://segaretro.org/Champions_World_Class_Soccer,1994-06-01
42.96,42.96,Championship Bowling,16,https://segaretro.org/Championship_Bowling,1993-06-01
53.33,53.33,Championship Pool,3,https://segaretro.org/Championship_Pool,1994-04-01
64.54,64.54,Championship Pro-Am,19,https://segaretro.org/Championship_Pro-Am,1992-06-01
53.76,53.76,Chase H.Q. II,16,https://segaretro.org/Chase_H.Q._II,1992-10-23
69.44,69.44,Cheese Cat-Astrophe Starring Speedy Gonzales,16,https://segaretro.org/Cheese_Cat-Astrophe_Starring_Speedy_Gonzales,1995-05-01
82.08,82.08,Chess,2,https://segaretro.org/Chess_(Mega_Drive),
44.95,44.95,Chester Cheetah: Too Cool to Fool,10,https://segaretro.org/Chester_Cheetah:_Too_Cool_to_Fool,1993-02-01
39.19,39.19,Chester Cheetah: Wild Wild Quest,13,https://segaretro.org/Chester_Cheetah:_Wild_Wild_Quest,1994-01-01
44.85,44.85,Chi Chi's Pro Challenge Golf,10,https://segaretro.org/Chi_Chi%27s_Pro_Challenge_Golf,1993-06-25
57.93,57.93,Chibi Maruko-chan: Waku Waku Shopping,6,https://segaretro.org/Chibi_Maruko-chan:_Waku_Waku_Shopping,1992-01-14
70.51,70.51,Chiki Chiki Boys,35,https://segaretro.org/Chiki_Chiki_Boys,1992-10-16
66.39,66.39,Chou Kyuukai Miracle Nine,3,https://segaretro.org/Chou_Kyuukai_Miracle_Nine,1995-07-21
83.54,83.54,Chuck Rock,31,https://segaretro.org/Chuck_Rock,1991-12-01
77.44,77.44,Chuck Rock II: Son of Chuck,33,https://segaretro.org/Chuck_Rock_II:_Son_of_Chuck,1993-09-01
50.05,50.05,Classic Collection,2,https://segaretro.org/Classic_Collection,1996-06-01
64.73,64.73,ClayFighter,22,https://segaretro.org/ClayFighter,1994-12-01
47.45,47.45,Cliffhanger,10,https://segaretro.org/Cliffhanger,1993-11-01
60.26,60.26,Clue,12,https://segaretro.org/Clue,1992-12-01
75.83,75.83,Coach K College Basketball,9,https://segaretro.org/Coach_K_College_Basketball,1995-03-01
71.17,71.17,College Football USA 96,6,https://segaretro.org/College_Football_USA_96,1995-07-15
61.36,61.36,College Football USA 97,5,https://segaretro.org/College_Football_USA_97,1996-09-01
74.07,74.07,College Football's National Championship,4,https://segaretro.org/College_Football%27s_National_Championship,1994-08-01
57.33,57.33,College Football's National Championship II,3,https://segaretro.org/College_Football%27s_National_Championship_II,1995-11-01
68.97,68.97,College Slam,5,https://segaretro.org/College_Slam,1996-02-29
73.25,73.25,Columns III: Revenge of Columns,16,https://segaretro.org/Columns_III:_Revenge_of_Columns,1993-10-15
69.38,69.38,Combat Cars,29,https://segaretro.org/Combat_Cars,1994-06-01
84.10,84.10,Comix Zone,37,https://segaretro.org/Comix_Zone,1995-07-01
70.07,70.07,Commandos,1,https://segaretro.org/Commandos_(Mega_Drive),
80.31,80.31,Contra: Hard Corps,34,https://segaretro.org/Contra:_Hard_Corps,1994-09-01
84.64,84.64,Cool Spot,45,https://segaretro.org/Cool_Spot,1993-04-01
74.52,74.52,Corporation,31,https://segaretro.org/Corporation,1992-09-01
72.06,72.06,Cosmic Spacehead,30,https://segaretro.org/Cosmic_Spacehead,1993-06-01
69.65,69.65,Crack Down,32,https://segaretro.org/Crack_Down,1990-12-20
54.55,54.55,Crayon Shin-chan: Arashi o Yobu Enji,4,https://segaretro.org/Crayon_Shin-chan:_Arashi_o_Yobu_Enji,1994-03-11
67.16,67.16,Crüe Ball,36,https://segaretro.org/Cr%C3%BCe_Ball,1992-09-01
41.54,41.54,Cross Fire,2,https://segaretro.org/Cross_Fire,1991-06-01
82.06,82.06,Crusader of Centy,37,https://segaretro.org/Crusader_of_Centy,1994-06-17
52.55,52.55,Crystal's Pony Tale,2,https://segaretro.org/Crystal%27s_Pony_Tale,1994-10-01
52.31,52.31,Curse,23,https://segaretro.org/Curse,1989-12-23
61.64,61.64,Cutie Suzuki no Ringside Angel,20,https://segaretro.org/Cutie_Suzuki_no_Ringside_Angel,1990-12-12
45.81,45.81,Cutthroat Island,13,https://segaretro.org/Cutthroat_Island,1995-06-01
60.59,60.59,CyberBall,25,https://segaretro.org/CyberBall,1990-06-01
67.98,67.98,Cyborg Justice,30,https://segaretro.org/Cyborg_Justice,1993-04-01
64.87,64.87,Daffy Duck in Hollywood,23,https://segaretro.org/Daffy_Duck_in_Hollywood,1995-01-01
59.46,59.46,Dahna Megami Tanjou,13,https://segaretro.org/Dahna_Megami_Tanjou,1991-12-20
69.74,69.74,Daikoukai Jidai II,8,https://segaretro.org/Daikoukai_Jidai_II,1994-06-24
61.52,61.52,Dangerous Seed,20,https://segaretro.org/Dangerous_Seed,1990-12-18
74.05,74.05,Darius II,28,https://segaretro.org/Darius_II,1990-12-20
39.76,39.76,Dark Castle,20,https://segaretro.org/Dark_Castle,1991-10-16
67.08,67.08,Darwin 4081,17,https://segaretro.org/Darwin_4081,1990-04-07
65.27,65.27,Dashin' Desperadoes,13,https://segaretro.org/Dashin%27_Desperadoes,1993-09-01
76.33,76.33,David Crane's Amazing Tennis,19,https://segaretro.org/David_Crane%27s_Amazing_Tennis,1993-03-01
76.27,76.27,David Robinson's Supreme Court,36,https://segaretro.org/David_Robinson%27s_Supreme_Court,1992-06-01
80.84,80.84,Davis Cup Tennis,34,https://segaretro.org/Davis_Cup_Tennis,1993-07-01
53.85,53.85,Daze Before Christmas,5,https://segaretro.org/Daze_Before_Christmas,
62.64,62.64,Deadly Moves,25,https://segaretro.org/Deadly_Moves,1992-06-01
35.03,35.03,Death Caliber,2,https://segaretro.org/Death_Caliber,
58.86,58.86,Death Duel,15,https://segaretro.org/Death_Duel,1992-10-01
76.69,76.69,Decap Attack,28,https://segaretro.org/Decap_Attack,1991-09-01
10.01,10.01,Deer Hunter,1,https://segaretro.org/Deer_Hunter,
72.05,72.05,Demolition Man,19,https://segaretro.org/Demolition_Man,1995-01-01
67.35,67.35,Desert Demolition Starring Road Runner and Wile E. Coyote,29,https://segaretro.org/Desert_Demolition_Starring_Road_Runner_and_Wile_E._Coyote,1995-02-01
84.23,84.23,Desert Strike: Return to the Gulf,50,https://segaretro.org/Desert_Strike:_Return_to_the_Gulf,1992-03-01
62.50,62.50,Devilish: The Next Possession,22,https://segaretro.org/Devilish:_The_Next_Possession,1992-04-01
72.76,72.76,Dick Tracy,36,https://segaretro.org/Dick_Tracy,1991-02-01
61.26,61.26,Dick Vitale's "Awesome, Baby!" College Hoops,5,https://segaretro.org/Dick_Vitale%27s_%22Awesome,_Baby!%22_College_Hoops,1994-09-01
76.09,76.09,Dino Dini's Soccer,16,https://segaretro.org/Dino_Dini%27s_Soccer,1994-12-01
54.04,54.04,Dino Land,18,https://segaretro.org/Dino_Land,1991-08-02
64.39,64.39,Dinosaurs for Hire,14,https://segaretro.org/Dinosaurs_for_Hire,1993-05-01
87.74,87.74,Disney's Aladdin,58,https://segaretro.org/Disney%27s_Aladdin,1993-11-01
80.08,80.08,Divine Sealing,1,https://segaretro.org/Divine_Sealing,1992-05-01
64.82,64.82,DJ Boy,35,https://segaretro.org/DJ_Boy,1990-05-19
77.86,77.86,Donald in Maui Mallard,20,https://segaretro.org/Donald_in_Maui_Mallard,1995-11-01
55.59,55.59,Doom Troopers,10,https://segaretro.org/Doom_Troopers,1995-11-01
63.49,63.49,Doraemon: Yume Dorobou to 7 Nin no Gozans,8,https://segaretro.org/Doraemon:_Yume_Dorobou_to_7_Nin_no_Gozans,1993-03-26
54.79,54.79,Double Clutch,19,https://segaretro.org/Double_Clutch,1993-08-01
56.95,56.95,Double Dragon,22,https://segaretro.org/Double_Dragon,1992-04-01
44.40,44.40,Double Dragon 3: The Rosetta Stone,18,https://segaretro.org/Double_Dragon_3:_The_Rosetta_Stone,1993-02-01
39.93,39.93,Double Dragon II: The Revenge,19,https://segaretro.org/Double_Dragon_II:_The_Revenge,1991-12-20
58.31,58.31,Double Dragon V: The Shadow Falls,8,https://segaretro.org/Double_Dragon_V:_The_Shadow_Falls,1994-08-05
81.04,81.04,Dr. Robotnik's Mean Bean Machine,33,https://segaretro.org/Dr._Robotnik%27s_Mean_Bean_Machine,1993-12-01
74.97,74.97,Dragon Ball Z: Buyuu Retsuden,17,https://segaretro.org/Dragon_Ball_Z:_Buyuu_Retsuden,1994-04-01
63.51,63.51,Dragon Slayer: The Legend of Heroes,6,https://segaretro.org/Dragon_Slayer:_The_Legend_of_Heroes,1994-09-16
61.56,61.56,Dragon Slayer: The Legend of Heroes II,5,https://segaretro.org/Dragon_Slayer:_The_Legend_of_Heroes_II,1995-01-20
76.08,76.08,Dragon: The Bruce Lee Story,28,https://segaretro.org/Dragon:_The_Bruce_Lee_Story,1994-10-01
60.60,60.60,Dragon's Eye Plus: Shanghai III,9,https://segaretro.org/Dragon%27s_Eye_Plus:_Shanghai_III,1991-11-02
83.29,83.29,Dragon's Fury,44,https://segaretro.org/Dragon%27s_Fury,1991-10-10
73.88,73.88,Dragon's Revenge,29,https://segaretro.org/Dragon%27s_Revenge,1993-11-01
72.67,72.67,Duke Nukem 3D,3,https://segaretro.org/Duke_Nukem_3D_(Mega_Drive),
87.89,87.89,Dune II: Battle for Arrakis,40,https://segaretro.org/Dune_II:_Battle_for_Arrakis,1994-05-01
73.07,73.07,Dungeon Master II: Skullkeep,1,https://segaretro.org/Dungeon_Master_II:_Skullkeep,
73.98,73.98,Dungeons & Dragons: Warriors of the Eternal Sun,30,https://segaretro.org/Dungeons_%26_Dragons:_Warriors_of_the_Eternal_Sun,1992-08-01
71.78,71.78,Dyna Brothers,7,https://segaretro.org/Dyna_Brothers,1992-07-24
70.06,70.06,Dyna Brothers 2,6,https://segaretro.org/Dyna_Brothers_2,1993-12-03
65.56,65.56,Dynamite Duke,29,https://segaretro.org/Dynamite_Duke,1990-10-27
82.88,82.88,Dynamite Headdy,36,https://segaretro.org/Dynamite_Headdy,1994-08-05
87.16,87.16,EA Hockey,40,https://segaretro.org/EA_Hockey,1991-08-01
60.17,60.17,Earnest Evans,9,https://segaretro.org/Earnest_Evans,1992-03-01
39.33,39.33,Earth Defense,3,https://segaretro.org/Earth_Defense,1995-06-01
89.48,89.48,Earthworm Jim,44,https://segaretro.org/Earthworm_Jim,
89.36,89.36,Earthworm Jim 2,31,https://segaretro.org/Earthworm_Jim_2,1995-11-15
69.10,69.10,Ecco Jr.,8,https://segaretro.org/Ecco_Jr.,1995-04-01
86.50,86.50,Ecco the Dolphin,49,https://segaretro.org/Ecco_the_Dolphin,1992-12-01
76.64,76.64,Ecco: The Tides of Time,33,https://segaretro.org/Ecco:_The_Tides_of_Time,1994-08-26
73.40,73.40,El Viento,24,https://segaretro.org/El_Viento,1991-09-20
72.93,72.93,Elemental Master,27,https://segaretro.org/Elemental_Master,1990-12-14
67.68,67.68,Eliminate Down,6,https://segaretro.org/Eliminate_Down,1993-06-25
60.33,60.33,ESPN Baseball Tonight,3,https://segaretro.org/ESPN_Baseball_Tonight,1994-05-01
60.56,60.56,ESPN National Hockey Night,5,https://segaretro.org/ESPN_National_Hockey_Night,1994-12-01
34.71,34.71,ESPN Speedworld,7,https://segaretro.org/ESPN_Speedworld,1994-12-01
55.17,55.17,ESPN Sunday Night NFL,3,https://segaretro.org/ESPN_Sunday_Night_NFL,1994-12-01
79.27,79.27,ESWAT: City Under Siege,37,https://segaretro.org/ESWAT:_City_Under_Siege,1990-07-14
82.13,82.13,Eternal Champions,42,https://segaretro.org/Eternal_Champions,1993-12-01
71.68,71.68,European Club Soccer,30,https://segaretro.org/European_Club_Soccer,1992-07-01
68.01,68.01,Evander Holyfield's "Real Deal" Boxing,33,https://segaretro.org/Evander_Holyfield%27s_%22Real_Deal%22_Boxing,1992-08-01
75.28,75.28,Ex-Mutants,20,https://segaretro.org/Ex-Mutants,1992-12-01
64.96,64.96,Exile,16,https://segaretro.org/Exile,1991-12-06
40.04,40.04,Exodus: Journey to the Promised Land,1,https://segaretro.org/Exodus:_Journey_to_the_Promised_Land,1993-06-01
51.26,51.26,ExoSquad,18,https://segaretro.org/ExoSquad,1995-07-01
68.21,68.21,F-117 Night Storm,33,https://segaretro.org/F-117_Night_Storm,1993-12-01
72.07,72.07,F-15 Strike Eagle II,29,https://segaretro.org/F-15_Strike_Eagle_II,1993-06-01
78.96,78.96,F-22 Interceptor: Advanced Tactical Fighter,38,https://segaretro.org/F-22_Interceptor:_Advanced_Tactical_Fighter,1991-09-01
86.60,86.60,F1,35,https://segaretro.org/F1,1993-06-01
73.08,73.08,F1 Circus MD,16,https://segaretro.org/F1_Circus_MD,1991-12-20
56.76,56.76,F1: World Championship Edition,4,https://segaretro.org/F1:_World_Championship_Edition_(Mega_Drive),1995-09-01
64.77,64.77,Family Feud,5,https://segaretro.org/Family_Feud,1994-02-01
63.70,63.70,Fantasia,39,https://segaretro.org/Fantasia,1991-08-01
75.83,75.83,Fantastic Dizzy,32,https://segaretro.org/Fantastic_Dizzy,1993-06-01
49.37,49.37,Fastest 1,15,https://segaretro.org/Fastest_1,1991-06-28
75.00,75.00,Fatal Fury,32,https://segaretro.org/Fatal_Fury,1993-02-01
72.49,72.49,Fatal Fury 2,24,https://segaretro.org/Fatal_Fury_2,1994-06-01
56.18,56.18,Fatal Labyrinth,20,https://segaretro.org/Fatal_Labyrinth,1991-04-01
73.11,73.11,Fatal Rewind,35,https://segaretro.org/Fatal_Rewind,1991-10-01
54.55,54.55,Férias Frustradas do Pica-Pau,4,https://segaretro.org/F%C3%A9rias_Frustradas_do_Pica-Pau,
53.82,53.82,Ferrari Grand Prix Challenge,33,https://segaretro.org/Ferrari_Grand_Prix_Challenge,1992-05-15
79.84,79.84,Fever Pitch Soccer,22,https://segaretro.org/Fever_Pitch_Soccer,1995-06-01
79.93,79.93,FIFA 97: Gold Edition,15,https://segaretro.org/FIFA_97:_Gold_Edition,1996-10-01
88.59,88.59,FIFA International Soccer,47,https://segaretro.org/FIFA_International_Soccer,1993-06-01
70.07,70.07,FIFA Road to World Cup 98,2,https://segaretro.org/FIFA_Road_to_World_Cup_98_(Mega_Drive),1997-06-01
87.16,87.16,FIFA Soccer 95,31,https://segaretro.org/FIFA_Soccer_95,1994-10-01
83.08,83.08,FIFA Soccer 96,26,https://segaretro.org/FIFA_Soccer_96_(Mega_Drive),1995-11-01
60.93,60.93,Fighting Masters,26,https://segaretro.org/Fighting_Masters,1991-12-06
60.14,60.14,Final Zone,19,https://segaretro.org/Final_Zone,1990-10-12
52.58,52.58,Fire Mustang,21,https://segaretro.org/Fire_Mustang,1991-05-31
68.55,68.55,Fire Shark,38,https://segaretro.org/Fire_Shark,1990-11-01
90.55,90.55,Flashback,40,https://segaretro.org/Flashback,1993-02-20
59.85,59.85,Flicky,26,https://segaretro.org/Flicky,1991-04-01
48.11,48.11,Foreman for Real,11,https://segaretro.org/Foreman_for_Real,1995-06-01
73.69,73.69,Forgotten Worlds,26,https://segaretro.org/Forgotten_Worlds_(Mega_Drive),1989-11-18
61.44,61.44,Frank Thomas Big Hurt Baseball,8,https://segaretro.org/Frank_Thomas_Big_Hurt_Baseball,1995-06-01
60.06,60.06,Frogger,1,https://segaretro.org/Frogger,1998-10-01
63.78,63.78,From TV Animation Slam Dunk: Kyougou Makkou Taiketsu!,4,https://segaretro.org/From_TV_Animation_Slam_Dunk:_Kyougou_Makkou_Taiketsu!,1995-04-28
61.43,61.43,Fun 'n' Games,7,https://segaretro.org/Fun_%27n%27_Games,1993-12-01
35.03,35.03,Funny World & Balloon Boy,2,https://segaretro.org/Funny_World_%26_Balloon_Boy,1993-06-01
68.95,68.95,Fushigi no Umi no Nadia,5,https://segaretro.org/Fushigi_no_Umi_no_Nadia,1991-03-19
56.20,56.20,G-LOC: Air Battle,31,https://segaretro.org/G-LOC:_Air_Battle,1993-01-21
75.13,75.13,Gaiares,21,https://segaretro.org/Gaiares,1990-12-26
68.37,68.37,Gain Ground,25,https://segaretro.org/Gain_Ground,1991-01-03
77.90,77.90,Galahad,28,https://segaretro.org/Galahad,1992-09-01
70.84,70.84,Gambler Jiko Chuushinha: Katayama Masayuki no Mahjong Doujou,6,https://segaretro.org/Gambler_Jiko_Chuushinha:_Katayama_Masayuki_no_Mahjong_Doujou,1990-12-14
67.13,67.13,Garfield: Caught in the Act,20,https://segaretro.org/Garfield:_Caught_in_the_Act,1995-11-01
69.57,69.57,Garfield: The Lost Levels,2,https://segaretro.org/Garfield:_The_Lost_Levels,
78.32,78.32,Gargoyles,15,https://segaretro.org/Gargoyles,1995-11-01
52.26,52.26,Garry Kitchen's Super Battletank: War in the Gulf,16,https://segaretro.org/Garry_Kitchen%27s_Super_Battletank:_War_in_the_Gulf,1992-12-01
76.30,76.30,Gauntlet IV,37,https://segaretro.org/Gauntlet_IV,1993-09-17
68.42,68.42,Gemfire,15,https://segaretro.org/Gemfire,1992-06-25
75.57,75.57,General Chaos,44,https://segaretro.org/General_Chaos,1993-08-01
69.82,69.82,Generations Lost,23,https://segaretro.org/Generations_Lost,1994-11-01
67.18,67.18,Genghis Khan II: Clan of the Gray Wolf,12,https://segaretro.org/Genghis_Khan_II:_Clan_of_the_Gray_Wolf,1993-03-25
52.27,52.27,George Foreman's KO Boxing,14,https://segaretro.org/George_Foreman%27s_KO_Boxing,1993-01-01
69.11,69.11,Ghostbusters,36,https://segaretro.org/Ghostbusters_(Mega_Drive),1990-06-30
86.89,86.89,Ghouls'n Ghosts,37,https://segaretro.org/Ghouls%27n_Ghosts,1989-08-03
77.13,77.13,Gods,43,https://segaretro.org/Gods,1992-11-01
81.06,81.06,Golden Axe,36,https://segaretro.org/Golden_Axe,1989-12-23
73.92,73.92,Golden Axe II,46,https://segaretro.org/Golden_Axe_II,1991-12-01
66.07,66.07,Golden Axe III,24,https://segaretro.org/Golden_Axe_III,1993-06-25
59.51,59.51,Goofy's Hysterical History Tour,19,https://segaretro.org/Goofy%27s_Hysterical_History_Tour,1994-01-01
60.88,60.88,Gouketsuji Ichizoku,6,https://segaretro.org/Gouketsuji_Ichizoku,1994-11-18
75.14,75.14,Granada,25,https://segaretro.org/Granada,1990-11-16
68.68,68.68,GrandSlam: The Tennis Tournament '92,38,https://segaretro.org/GrandSlam:_The_Tennis_Tournament_%2792,1992-06-12
75.25,75.25,Greatest Heavyweights,30,https://segaretro.org/Greatest_Heavyweights,1993-12-01
72.15,72.15,Greendog: The Beached Surfer Dude!,36,https://segaretro.org/Greendog:_The_Beached_Surfer_Dude!,1992-09-01
62.14,62.14,Grind Stormer,18,https://segaretro.org/Grind_Stormer,1994-03-01
56.72,56.72,Growl,21,https://segaretro.org/Growl,1991-06-01
41.62,41.62,Gunship,13,https://segaretro.org/Gunship,1994-01-01
84.38,84.38,Gunstar Heroes,43,https://segaretro.org/Gunstar_Heroes,1993-09-09
79.80,79.80,Gynoug,45,https://segaretro.org/Gynoug,1991-01-25
66.08,66.08,Hard Drivin',35,https://segaretro.org/Hard_Drivin%27,1990-12-01
74.17,74.17,HardBall '94,18,https://segaretro.org/HardBall_%2794,1994-07-01
72.33,72.33,HardBall '95,5,https://segaretro.org/HardBall_%2795,1995-06-01
70.74,70.74,HardBall!,17,https://segaretro.org/HardBall!,1991-06-01
60.06,60.06,Harry Potter,1,https://segaretro.org/Harry_Potter,
73.22,73.22,Haunting Starring Polterguy,33,https://segaretro.org/Haunting_Starring_Polterguy,1993-06-01
45.57,45.57,Heavy Nova,7,https://segaretro.org/Heavy_Nova,1991-12-01
64.97,64.97,Heavy Unit: Mega Drive Special,22,https://segaretro.org/Heavy_Unit:_Mega_Drive_Special,1990-12-26
80.30,80.30,Hellfire,41,https://segaretro.org/Hellfire,1990-09-28
68.17,68.17,Hercules 2,6,https://segaretro.org/Hercules_2,
69.52,69.52,Herzog Zwei,30,https://segaretro.org/Herzog_Zwei,1989-12-15
79.08,79.08,Hi-Octane,2,https://segaretro.org/Hi-Octane,
65.34,65.34,High Seas Havoc,32,https://segaretro.org/High_Seas_Havoc,1994-01-01
48.52,48.52,Hit the Ice,11,https://segaretro.org/Hit_the_Ice,1993-02-01
54.63,54.63,Hokuto no Ken: Shin Seikimatsu Kyuuseishu Densetsu,5,https://segaretro.org/Hokuto_no_Ken:_Shin_Seikimatsu_Kyuuseishu_Densetsu,1989-07-01
51.29,51.29,Home Alone,19,https://segaretro.org/Home_Alone,1992-11-01
58.36,58.36,Home Alone 2: Lost in New York,5,https://segaretro.org/Home_Alone_2:_Lost_in_New_York,1993-12-01
73.37,73.37,Honoo no Toukyuuji Dodge Danpei,11,https://segaretro.org/Honoo_no_Toukyuuji_Dodge_Danpei,1992-07-10
67.98,67.98,Hook,22,https://segaretro.org/Hook,1993-08-01
77.58,77.58,Hua Mu Lan: Mulan,4,https://segaretro.org/Hua_Mu_Lan:_Mulan,
57.46,57.46,Hurricanes,10,https://segaretro.org/Hurricanes,1994-07-01
54.38,54.38,Hyokkori Hyoutanjima: Daitouryou o Mezase!,6,https://segaretro.org/Hyokkori_Hyoutanjima:_Daitouryou_o_Mezase!,1992-08-07
63.00,63.00,Hyper Dunk: The Playoff Edition,38,https://segaretro.org/Hyper_Dunk:_The_Playoff_Edition,1994-03-01
66.05,66.05,IMG International Tour Tennis,25,https://segaretro.org/IMG_International_Tour_Tennis,1994-06-01
69.79,69.79,Indiana Jones and the Last Crusade,27,https://segaretro.org/Indiana_Jones_and_the_Last_Crusade,1992-11-01
74.73,74.73,Insector X,22,https://segaretro.org/Insector_X,1990-09-07
38.56,38.56,Instruments of Chaos Starring Young Indiana Jones,9,https://segaretro.org/Instruments_of_Chaos_Starring_Young_Indiana_Jones,1994-03-01
64.67,64.67,International Rugby,12,https://segaretro.org/International_Rugby,1993-10-01
79.92,79.92,International Superstar Soccer Deluxe,12,https://segaretro.org/International_Superstar_Soccer_Deluxe,1996-09-01
70.18,70.18,Ishido: The Way of Stones,11,https://segaretro.org/Ishido:_The_Way_of_Stones,1990-12-01
62.27,62.27,Izzy's Quest for the Olympic Rings,13,https://segaretro.org/Izzy%27s_Quest_for_the_Olympic_Rings,1995-04-01
56.79,56.79,J.League Champion Soccer,4,https://segaretro.org/J.League_Champion_Soccer,1993-02-26
74.83,74.83,J.League Pro Striker,20,https://segaretro.org/J.League_Pro_Striker,1993-04-23
70.16,70.16,J.League Pro Striker 2,6,https://segaretro.org/J.League_Pro_Striker_2,1994-07-15
73.28,73.28,J.League Pro Striker Kanzenban,3,https://segaretro.org/J.League_Pro_Striker_Kanzenban,1993-12-17
68.07,68.07,Jack Nicklaus' Power Challenge Golf,17,https://segaretro.org/Jack_Nicklaus%27_Power_Challenge_Golf,1993-03-01
52.69,52.69,James "Buster" Douglas Knockout Boxing,36,https://segaretro.org/James_%22Buster%22_Douglas_Knockout_Boxing_(Mega_Drive),1990-03-23
69.50,69.50,James Bond 007: The Duel,40,https://segaretro.org/James_Bond_007:_The_Duel,1993-03-01
81.41,81.41,James Pond 3: Operation Starfish,31,https://segaretro.org/James_Pond_3:_Operation_Starfish,1993-12-01
81.76,81.76,James Pond II: Codename RoboCod,42,https://segaretro.org/James_Pond_II:_Codename_RoboCod,1991-06-01
70.64,70.64,James Pond: Underwater Agent,29,https://segaretro.org/James_Pond:_Underwater_Agent,1991-04-01
69.89,69.89,Jammit,9,https://segaretro.org/Jammit,1994-05-01
67.85,67.85,Janou Touryuumon,6,https://segaretro.org/Janou_Touryuumon,1993-11-05
60.55,60.55,Jantei Monogatari,6,https://segaretro.org/Jantei_Monogatari,1991-03-29
56.26,56.26,Jeopardy!,4,https://segaretro.org/Jeopardy!_(GameTek),1993-02-01
45.85,45.85,Jeopardy! Deluxe Edition,5,https://segaretro.org/Jeopardy!_Deluxe_Edition,1994-04-01
55.45,55.45,Jeopardy! Sports Edition,5,https://segaretro.org/Jeopardy!_Sports_Edition,1994-05-01
55.22,55.22,Jerry Glanville's Pigskin Footbrawl,12,https://segaretro.org/Jerry_Glanville%27s_Pigskin_Footbrawl,1992-12-18
64.50,64.50,Jewel Master,28,https://segaretro.org/Jewel_Master,1991-08-30
81.19,81.19,Jimmy White's Whirlwind Snooker,16,https://segaretro.org/Jimmy_White%27s_Whirlwind_Snooker,1994-11-01
40.04,40.04,Jiu Ji Ma Jiang II: Ye Yan Bian,1,https://segaretro.org/Jiu_Ji_Ma_Jiang_II:_Ye_Yan_Bian,
64.20,64.20,Joe & Mac,14,https://segaretro.org/Joe_%26_Mac,1994-01-01
69.07,69.07,Joe Montana Football,26,https://segaretro.org/Joe_Montana_Football_(Mega_Drive),1991-01-01
75.86,75.86,Joe Montana II Sports Talk Football,38,https://segaretro.org/Joe_Montana_II_Sports_Talk_Football,1991-11-01
88.01,88.01,John Madden Football,28,https://segaretro.org/John_Madden_Football,1990-11-01
86.77,86.77,John Madden Football '92,40,https://segaretro.org/John_Madden_Football_%2792,1991-12-01
86.96,86.96,John Madden Football '93,28,https://segaretro.org/John_Madden_Football_%2793,1992-12-01
95.09,95.09,John Madden Football: Championship Edition,1,https://segaretro.org/John_Madden_Football:_Championship_Edition,1992-12-01
66.51,66.51,Jordan vs Bird,31,https://segaretro.org/Jordan_vs_Bird,1992-04-01
30.03,30.03,Joshua & The Battle of Jericho,1,https://segaretro.org/Joshua_%26_The_Battle_of_Jericho,1994-06-01
73.65,73.65,Judge Dredd,28,https://segaretro.org/Judge_Dredd,1995-06-16
67.24,67.24,Junction,17,https://segaretro.org/Junction,1990-11-25
88.37,88.37,Jungle Strike,53,https://segaretro.org/Jungle_Strike,1993-08-01
73.67,73.67,Jurassic Park,48,https://segaretro.org/Jurassic_Park_(Mega_Drive),1993-08-01
64.06,64.06,Jurassic Park: Rampage Edition,20,https://segaretro.org/Jurassic_Park:_Rampage_Edition,1994-10-01
60.78,60.78,Justice League Task Force,17,https://segaretro.org/Justice_League_Task_Force,1995-01-01
46.83,46.83,Ka-Ge-Ki,22,https://segaretro.org/Ka-Ge-Ki,1991-04-26
68.54,68.54,Kawasaki Superbike Challenge,24,https://segaretro.org/Kawasaki_Superbike_Challenge,1994-12-01
66.57,66.57,Kick Off 3: European Challenge,16,https://segaretro.org/Kick_Off_3:_European_Challenge,1994-11-26
79.14,79.14,Kid Chameleon,43,https://segaretro.org/Kid_Chameleon,1992-03-01
46.12,46.12,Kidou Keisatsu Patlabor: 98-Shiki Kidou Seyo!,4,https://segaretro.org/Kidou_Keisatsu_Patlabor:_98-Shiki_Kidou_Seyo!,1992-10-23
52.45,52.45,King of the Monsters,27,https://segaretro.org/King_of_the_Monsters,1993-03-01
60.08,60.08,King of the Monsters 2,12,https://segaretro.org/King_of_the_Monsters_2,1994-10-01
60.96,60.96,King Salmon,22,https://segaretro.org/King_Salmon,1992-07-01
71.12,71.12,King's Bounty: The Conqueror's Quest,22,https://segaretro.org/King%27s_Bounty:_The_Conqueror%27s_Quest,1991-07-01
63.65,63.65,Kishi Densetsu,6,https://segaretro.org/Kishi_Densetsu,1993-07-30
76.77,76.77,Klax,26,https://segaretro.org/Klax,1990-10-01
70.10,70.10,Klax,11,https://segaretro.org/Klax_(Namco),1990-09-07
80.09,80.09,Krusty's Fun House,29,https://segaretro.org/Krusty%27s_Fun_House,1992-06-01
62.15,62.15,Kujaku Ou 2: Geneijou,4,https://segaretro.org/Kujaku_Ou_2:_Geneijou,1989-11-25
66.78,66.78,Kyuukai Douchuuki,6,https://segaretro.org/Kyuukai_Douchuuki,1991-07-12
63.76,63.76,La Russa Baseball 95,4,https://segaretro.org/La_Russa_Baseball_95,1994-09-01
77.22,77.22,Lakers versus Celtics and the NBA Playoffs,20,https://segaretro.org/Lakers_versus_Celtics_and_the_NBA_Playoffs,1990-11-01
88.48,88.48,Landstalker: The Treasures of King Nole,45,https://segaretro.org/Landstalker:_The_Treasures_of_King_Nole,1992-10-30
79.08,79.08,Langrisser,21,https://segaretro.org/Langrisser,1991-04-26
76.73,76.73,Langrisser II,3,https://segaretro.org/Langrisser_II,1994-08-26
36.33,36.33,Last Action Hero,3,https://segaretro.org/Last_Action_Hero,1993-11-01
47.09,47.09,Last Battle,22,https://segaretro.org/Last_Battle,1989-09-01
80.48,80.48,Lemmings,37,https://segaretro.org/Lemmings,1992-11-01
83.21,83.21,Lemmings 2: The Tribes,26,https://segaretro.org/Lemmings_2:_The_Tribes,1994-06-01
79.59,79.59,Lethal Enforcers,26,https://segaretro.org/Lethal_Enforcers,1993-06-01
78.12,78.12,Lethal Enforcers II: Gun Fighters,21,https://segaretro.org/Lethal_Enforcers_II:_Gun_Fighters,1994-10-01
75.36,75.36,LHX Attack Chopper,39,https://segaretro.org/LHX_Attack_Chopper,1992-06-01
56.26,56.26,Liberty or Death,5,https://segaretro.org/Liberty_or_Death,1994-08-01
79.96,79.96,Light Crusader,31,https://segaretro.org/Light_Crusader,1995-05-26
50.05,50.05,Ling Huan Daoshi,1,https://segaretro.org/Ling_Huan_Daoshi,
50.05,50.05,Long,1,https://segaretro.org/Long,
67.62,67.62,Lord Monarch: Tokoton Sentou Densetsu,5,https://segaretro.org/Lord_Monarch:_Tokoton_Sentou_Densetsu,1994-06-24
69.60,69.60,Lotus II: RECS,33,https://segaretro.org/Lotus_II:_RECS,1993-12-01
78.37,78.37,Lotus Turbo Challenge,35,https://segaretro.org/Lotus_Turbo_Challenge,1992-06-01
74.07,74.07,M-1 Abrams Battle Tank,26,https://segaretro.org/M-1_Abrams_Battle_Tank,1991-06-01
74.96,74.96,M.U.S.H.A.,30,https://segaretro.org/M.U.S.H.A.,1990-12-21
60.06,60.06,Ma Qiao E Mo Ta: Devilish Mahjong Tower,1,https://segaretro.org/Ma_Qiao_E_Mo_Ta:_Devilish_Mahjong_Tower,
77.04,77.04,Madden NFL 96,14,https://segaretro.org/Madden_NFL_96,1995-06-01
81.29,81.29,Madden NFL 97,7,https://segaretro.org/Madden_NFL_97_(Mega_Drive),1996-09-14
66.07,66.07,Madden NFL 98,2,https://segaretro.org/Madden_NFL_98_(Mega_Drive),1997-10-01
83.31,83.31,Madden NFL '94,26,https://segaretro.org/Madden_NFL_%2794,1993-11-12
85.37,85.37,Madden NFL '95,19,https://segaretro.org/Madden_NFL_%2795,1994-11-01
67.99,67.99,Madou Monogatari I,3,https://segaretro.org/Madou_Monogatari_I,1996-03-22
76.08,76.08,Magic Bubble,1,https://segaretro.org/Magic_Bubble,
70.94,70.94,Magical Hat no Buttobi Turbo! Daibouken,12,https://segaretro.org/Magical_Hat_no_Buttobi_Turbo!_Daibouken,1990-12-15
75.69,75.69,Magical Taruruto-kun,14,https://segaretro.org/Magical_Taruruto-kun_(Mega_Drive),1992-04-24
57.81,57.81,Mahjong Cop Ryuu: Hakurou no Yabou,5,https://segaretro.org/Mahjong_Cop_Ryuu:_Hakurou_no_Yabou,1989-12-14
62.67,62.67,Mallet Legend,3,https://segaretro.org/Mallet_Legend,1993-06-01
60.14,60.14,Mamono Hunter Youko: Dai 7 no Keishou,11,https://segaretro.org/Mamono_Hunter_Youko:_Dai_7_no_Keishou,1991-03-22
74.20,74.20,Marble Madness,35,https://segaretro.org/Marble_Madness,1991-11-01
62.14,62.14,Mario Andretti Racing,28,https://segaretro.org/Mario_Andretti_Racing,1994-06-01
69.57,69.57,Mario Lemieux Hockey,27,https://segaretro.org/Mario_Lemieux_Hockey,1991-12-01
75.33,75.33,Marko's Magic Football,34,https://segaretro.org/Marko%27s_Magic_Football,1994-06-01
72.43,72.43,Marsupilami,28,https://segaretro.org/Marsupilami,1995-06-01
74.34,74.34,Marvel Land,37,https://segaretro.org/Marvel_Land,1991-06-28
60.86,60.86,Mary Shelley's Frankenstein,5,https://segaretro.org/Mary_Shelley%27s_Frankenstein,1994-12-01
65.87,65.87,Master of Monsters,14,https://segaretro.org/Master_of_Monsters,1991-07-26
57.27,57.27,Master of Weapon,13,https://segaretro.org/Master_of_Weapon,1991-09-27
46.94,46.94,Maten no Soumetsu,3,https://segaretro.org/Maten_no_Soumetsu,1993-12-29
30.03,30.03,Math Blaster: Episode 1,1,https://segaretro.org/Math_Blaster:_Episode_1,1994-09-14
77.11,77.11,Mazin Saga: Mutant Fighter,28,https://segaretro.org/Mazin_Saga:_Mutant_Fighter,1993-02-26
73.55,73.55,McDonald's Treasure Land Adventure,34,https://segaretro.org/McDonald%27s_Treasure_Land_Adventure,1993-09-23
50.05,50.05,Mega 6 Vol. 3,1,https://segaretro.org/Mega_6_Vol._3,1995-06-01
81.78,81.78,Mega Bomberman,28,https://segaretro.org/Mega_Bomberman,1994-06-01
50.05,50.05,Mega Games 2,1,https://segaretro.org/Mega_Games_2,1993-06-01
50.05,50.05,Mega Games 6,1,https://segaretro.org/Mega_Games_6,1995-06-01
50.05,50.05,Mega Games 6 Vol. 2,1,https://segaretro.org/Mega_Games_6_Vol._2,1995-06-01
63.06,63.06,Mega Games I,4,https://segaretro.org/Mega_Games_I,1992-10-01
81.21,81.21,Mega Lo Mania,36,https://segaretro.org/Mega_Lo_Mania,1993-02-01
69.80,69.80,Mega Man: The Wily Wars,18,https://segaretro.org/Mega_Man:_The_Wily_Wars,1994-10-20
72.35,72.35,Mega SWIV,23,https://segaretro.org/Mega_SWIV,1995-06-01
80.48,80.48,Mega Turrican,29,https://segaretro.org/Mega_Turrican,1994-03-01
75.40,75.40,Megapanel,15,https://segaretro.org/Megapanel,1990-11-22
60.69,60.69,Menacer 6-Game Cartridge,9,https://segaretro.org/Menacer_6-Game_Cartridge,1992-10-01
44.04,44.04,Meng Huan Shui Guo Pan: 777 Casino,2,https://segaretro.org/Meng_Huan_Shui_Guo_Pan:_777_Casino,
73.64,73.64,Mercs,41,https://segaretro.org/Mercs,1991-09-27
54.05,54.05,Metal Fangs,5,https://segaretro.org/Metal_Fangs,1993-12-17
76.82,76.82,Michael Jackson's Moonwalker,33,https://segaretro.org/Michael_Jackson%27s_Moonwalker,1990-08-25
84.35,84.35,Mick & Mack as the Global Gladiators,45,https://segaretro.org/Mick_%26_Mack_as_the_Global_Gladiators,1992-11-01
83.15,83.15,Mickey Mania: The Timeless Adventures of Mickey Mouse,39,https://segaretro.org/Mickey_Mania:_The_Timeless_Adventures_of_Mickey_Mouse,1994-06-01
61.21,61.21,Mickey's Ultimate Challenge,7,https://segaretro.org/Mickey%27s_Ultimate_Challenge,1994-03-01
84.28,84.28,Micro Machines,50,https://segaretro.org/Micro_Machines,1993-06-01
85.22,85.22,Micro Machines 2: Turbo Tournament,30,https://segaretro.org/Micro_Machines_2:_Turbo_Tournament,1994-11-25
78.31,78.31,Micro Machines: Military,11,https://segaretro.org/Micro_Machines:_Military,1996-06-01
87.03,87.03,Micro Machines: Turbo Tournament '96,20,https://segaretro.org/Micro_Machines:_Turbo_Tournament_%2796,1995-10-20
71.50,71.50,Midnight Resistance,28,https://segaretro.org/Midnight_Resistance,1991-03-29
72.11,72.11,MiG-29 Fighter Pilot,35,https://segaretro.org/MiG-29_Fighter_Pilot,1993-06-01
74.43,74.43,Might and Magic: Gates to Another World,20,https://segaretro.org/Might_and_Magic:_Gates_to_Another_World,1991-07-01
51.18,51.18,Mighty Morphin Power Rangers,17,https://segaretro.org/Mighty_Morphin_Power_Rangers_(Mega_Drive),1994-10-01
58.53,58.53,Mighty Morphin Power Rangers: The Movie,12,https://segaretro.org/Mighty_Morphin_Power_Rangers:_The_Movie_(Mega_Drive),1995-06-15
68.87,68.87,Mike Ditka Power Football,20,https://segaretro.org/Mike_Ditka_Power_Football,1991-10-01
61.42,61.42,Minnesota Fats: Pool Legend,6,https://segaretro.org/Minnesota_Fats:_Pool_Legend_(Mega_Drive),1995-06-01
68.56,68.56,MLBPA Baseball,8,https://segaretro.org/MLBPA_Baseball,1994-06-01
60.82,60.82,Monopoly,11,https://segaretro.org/Monopoly_(Mega_Drive),1992-09-01
48.33,48.33,Monster Truck Wars,3,https://segaretro.org/Monster_Truck_Wars,
75.82,75.82,Monster World IV,13,https://segaretro.org/Monster_World_IV,1994-04-01
82.87,82.87,Mortal Kombat,46,https://segaretro.org/Mortal_Kombat,1993-09-13
88.07,88.07,Mortal Kombat 3,27,https://segaretro.org/Mortal_Kombat_3,1995-10-01
67.07,67.07,Mortal Kombat 5,4,https://segaretro.org/Mortal_Kombat_5,
86.82,86.82,Mortal Kombat II,35,https://segaretro.org/Mortal_Kombat_II,1994-09-09
77.58,77.58,Mr. Nutz,24,https://segaretro.org/Mr._Nutz,1994-11-01
59.76,59.76,Ms. Pac-Man,10,https://segaretro.org/Ms._Pac-Man,1991-07-01
78.72,78.72,Muhammad Ali Heavyweight Boxing,34,https://segaretro.org/Muhammad_Ali_Heavyweight_Boxing,1992-12-01
74.63,74.63,Mutant League Football,33,https://segaretro.org/Mutant_League_Football,1993-06-01
71.54,71.54,Mutant League Hockey,34,https://segaretro.org/Mutant_League_Hockey,1994-03-01
67.90,67.90,Mystic Defender,23,https://segaretro.org/Mystic_Defender,1989-12-01
66.64,66.64,Mystical Fighter,24,https://segaretro.org/Mystical_Fighter,1991-10-25
62.72,62.72,Nakajima Satoru Kanshuu F1 Grand Prix,16,https://segaretro.org/Nakajima_Satoru_Kanshuu_F1_Grand_Prix,1991-12-20
60.11,60.11,Nakajima Satoru Kanshuu F1 Super License,7,https://segaretro.org/Nakajima_Satoru_Kanshuu_F1_Super_License,1992-12-11
68.13,68.13,NBA Action '94,8,https://segaretro.org/NBA_Action_%2794,1994-03-01
69.42,69.42,NBA Action '95 Starring David Robinson,15,https://segaretro.org/NBA_Action_%2795_Starring_David_Robinson,1995-03-23
55.83,55.83,NBA All-Star Challenge,18,https://segaretro.org/NBA_All-Star_Challenge,1993-02-01
76.18,76.18,NBA Hang Time,5,https://segaretro.org/NBA_Hang_Time,1996-11-06
84.34,84.34,NBA Jam,45,https://segaretro.org/NBA_Jam,1994-03-04
82.74,82.74,NBA Jam Tournament Edition,27,https://segaretro.org/NBA_Jam_Tournament_Edition,1995-02-23
81.13,81.13,NBA Live 95,24,https://segaretro.org/NBA_Live_95,1994-10-28
87.09,87.09,NBA Live 96,16,https://segaretro.org/NBA_Live_96,1995-06-01
82.76,82.76,NBA Live 97,12,https://segaretro.org/NBA_Live_97_(Mega_Drive),1996-11-20
68.67,68.67,NBA Live 98,3,https://segaretro.org/NBA_Live_98_(Mega_Drive),1997-12-02
71.64,71.64,NBA Showdown '94,35,https://segaretro.org/NBA_Showdown_%2794,1994-03-01
60.06,60.06,NCAA Final Four Basketball,1,https://segaretro.org/NCAA_Final_Four_Basketball,1994-06-01
60.06,60.06,NCAA Football,1,https://segaretro.org/NCAA_Football,1994-12-01
38.93,38.93,Nekketsu Kouko Dodgeball Bu: Soccer Hen MD,8,https://segaretro.org/Nekketsu_Kouko_Dodgeball_Bu:_Soccer_Hen_MD,1992-08-07
71.12,71.12,New 3D Golf Simulation: Devil's Course,4,https://segaretro.org/New_3D_Golf_Simulation:_Devil%27s_Course,1994-01-28
75.83,75.83,New 3D Golf Simulation: Harukanaru Augusta,3,https://segaretro.org/New_3D_Golf_Simulation:_Harukanaru_Augusta,1993-12-17
70.72,70.72,New 3D Golf Simulation: Waialae no Kiseki,3,https://segaretro.org/New_3D_Golf_Simulation:_Waialae_no_Kiseki,1994-02-25
60.48,60.48,Newman-Haas IndyCar Featuring Nigel Mansell,24,https://segaretro.org/Newman-Haas_IndyCar_Featuring_Nigel_Mansell,1994-12-01
45.05,45.05,NFL 98,1,https://segaretro.org/NFL_98,1997-10-21
82.08,82.08,NFL '95,4,https://segaretro.org/NFL_%2795,1994-11-15
73.92,73.92,NFL Football '94 Starring Joe Montana,11,https://segaretro.org/NFL_Football_%2794_Starring_Joe_Montana,1993-11-01
74.52,74.52,NFL Quarterback Club,25,https://segaretro.org/NFL_Quarterback_Club,1994-12-01
76.67,76.67,NFL Quarterback Club '96,9,https://segaretro.org/NFL_Quarterback_Club_%2796,1995-06-01
74.68,74.68,NFL Sports Talk Football '93 Starring Joe Montana,22,https://segaretro.org/NFL_Sports_Talk_Football_%2793_Starring_Joe_Montana,1992-11-01
59.53,59.53,NHK Taiga Drama: Taiheiki,6,https://segaretro.org/NHK_Taiga_Drama:_Taiheiki,1991-12-13
87.65,87.65,NHL 95,21,https://segaretro.org/NHL_95,1994-09-26
87.49,87.49,NHL 96,23,https://segaretro.org/NHL_96,1995-10-06
83.80,83.80,NHL 97,17,https://segaretro.org/NHL_97_(Mega_Drive),1996-09-24
70.07,70.07,NHL 98,4,https://segaretro.org/NHL_98_(Mega_Drive),1997-10-31
66.26,66.26,NHL All-Star Hockey '95,10,https://segaretro.org/NHL_All-Star_Hockey_%2795,1995-02-01
78.48,78.48,NHL Hockey,10,https://segaretro.org/NHL_Hockey_(Mega_Drive),1991-08-01
85.79,85.79,NHL Hockey '94,31,https://segaretro.org/NHL_Hockey_%2794,1993-09-01
86.08,86.08,NHLPA Hockey '93,39,https://segaretro.org/NHLPA_Hockey_%2793,1992-09-01
65.50,65.50,Nigel Mansell's World Championship Racing,17,https://segaretro.org/Nigel_Mansell%27s_World_Championship_Racing,1993-11-01
64.56,64.56,Nightmare Circus,2,https://segaretro.org/Nightmare_Circus,
68.93,68.93,Ninja Burai Densetsu,9,https://segaretro.org/Ninja_Burai_Densetsu,1991-12-05
44.75,44.75,No Escape,6,https://segaretro.org/No_Escape,1994-06-01
68.85,68.85,Nobunaga no Yabou: Bushou Fuuunroku,5,https://segaretro.org/Nobunaga_no_Yabou:_Bushou_Fuuunroku,1991-12-20
68.94,68.94,Nobunaga no Yabou: Haouden,2,https://segaretro.org/Nobunaga_no_Yabou:_Haouden,1994-02-25
63.26,63.26,Nobunaga's Ambition,11,https://segaretro.org/Nobunaga%27s_Ambition,1993-09-15
57.87,57.87,Normy's Beach Babe-O-Rama,25,https://segaretro.org/Normy%27s_Beach_Babe-O-Rama,1994-03-01
73.78,73.78,Olympic Gold,37,https://segaretro.org/Olympic_Gold,1992-06-01
63.83,63.83,Olympic Summer Games,12,https://segaretro.org/Olympic_Summer_Games,1996-05-30
61.42,61.42,Onslaught,12,https://segaretro.org/Onslaught,1991-06-01
59.31,59.31,Operation Europe: Path to Victory 1939-45,12,https://segaretro.org/Operation_Europe:_Path_to_Victory_1939-45,1993-01-16
53.38,53.38,Osomatsu-kun Hachamecha Gekijou,6,https://segaretro.org/Osomatsu-kun_Hachamecha_Gekijou,1988-12-24
63.38,63.38,Outlander,19,https://segaretro.org/Outlander,1993-03-01
68.95,68.95,OutRun,34,https://segaretro.org/OutRun,1991-06-01
57.13,57.13,OutRun 2019,30,https://segaretro.org/OutRun_2019,1993-03-01
52.28,52.28,OutRunners,23,https://segaretro.org/OutRunners,1994-05-13
62.03,62.03,P.T.O.: Pacific Theater of Operations,10,https://segaretro.org/P.T.O.:_Pacific_Theater_of_Operations,1992-09-24
69.65,69.65,Pac-Attack,13,https://segaretro.org/Pac-Attack,1994-12-01
67.88,67.88,Pac-Man 2: The New Adventures,4,https://segaretro.org/Pac-Man_2:_The_New_Adventures,1994-11-01
74.36,74.36,Pac-Mania,20,https://segaretro.org/Pac-Mania,1991-06-01
48.13,48.13,Pachinko Kuunyan,5,https://segaretro.org/Pachinko_Kuunyan,1992-12-18
61.67,61.67,Panorama Cotton,5,https://segaretro.org/Panorama_Cotton,1994-08-12
64.63,64.63,Paperboy,28,https://segaretro.org/Paperboy,1992-02-01
48.65,48.65,Paperboy 2,17,https://segaretro.org/Paperboy_2,1993-02-01
70.80,70.80,Party Quiz Mega Q,5,https://segaretro.org/Party_Quiz_Mega_Q,1993-11-05
72.27,72.27,Pebble Beach Golf Links,20,https://segaretro.org/Pebble_Beach_Golf_Links_(Mega_Drive),1993-10-29
55.33,55.33,Pelé II: World Tournament Soccer,3,https://segaretro.org/Pel%C3%A9_II:_World_Tournament_Soccer,1994-06-01
53.79,53.79,Pelé!,25,https://segaretro.org/Pel%C3%A9!,1993-12-01
65.11,65.11,Pepenga Pengo,3,https://segaretro.org/Pepenga_Pengo,1995-12-22
79.20,79.20,Pete Sampras Tennis,31,https://segaretro.org/Pete_Sampras_Tennis,1994-04-01
85.60,85.60,PGA European Tour,29,https://segaretro.org/PGA_European_Tour,1994-03-01
79.19,79.19,PGA Tour 96,18,https://segaretro.org/PGA_Tour_96,1995-11-01
87.88,87.88,PGA Tour Golf,26,https://segaretro.org/PGA_Tour_Golf,1991-04-01
84.46,84.46,PGA Tour Golf II,37,https://segaretro.org/PGA_Tour_Golf_II,1993-02-01
86.81,86.81,PGA Tour Golf III,21,https://segaretro.org/PGA_Tour_Golf_III,1994-06-01
69.77,69.77,Phantasy Star,3,https://segaretro.org/Phantasy_Star,1994-04-02
84.48,84.48,Phantasy Star II,34,https://segaretro.org/Phantasy_Star_II,1989-03-21
81.15,81.15,Phantasy Star III: Generations of Doom,31,https://segaretro.org/Phantasy_Star_III:_Generations_of_Doom,1990-04-21
81.60,81.60,Phantasy Star IV: The End of the Millennium,32,https://segaretro.org/Phantasy_Star_IV:_The_End_of_the_Millennium,1993-12-17
68.07,68.07,Phantom 2040,17,https://segaretro.org/Phantom_2040,1995-06-01
71.91,71.91,Phelios,34,https://segaretro.org/Phelios,1990-07-20
61.36,61.36,Pink Goes to Hollywood,25,https://segaretro.org/Pink_Goes_to_Hollywood,1993-06-01
71.89,71.89,Pinocchio,9,https://segaretro.org/Pinocchio,1996-10-01
78.33,78.33,Pirates! Gold,20,https://segaretro.org/Pirates!_Gold,1993-07-01
74.26,74.26,Pit-Fighter,34,https://segaretro.org/Pit-Fighter,1991-11-01
83.96,83.96,Pitfall: The Mayan Adventure,36,https://segaretro.org/Pitfall:_The_Mayan_Adventure,1994-11-01
75.24,75.24,Pocahontas,14,https://segaretro.org/Pocahontas,1996-03-01
48.05,48.05,Pocket Monster,4,https://segaretro.org/Pocket_Monster,
30.03,30.03,Pocket Monster II,1,https://segaretro.org/Pocket_Monster_II,
30.03,30.03,Pokemon Crazy Drummer,1,https://segaretro.org/Pokemon_Crazy_Drummer,
81.81,81.81,Populous,32,https://segaretro.org/Populous,1990-07-01
73.85,73.85,Power Drive,19,https://segaretro.org/Power_Drive,1995-01-01
75.18,75.18,Power Monger,32,https://segaretro.org/Power_Monger,1993-03-01
68.13,68.13,Powerball,23,https://segaretro.org/Powerball,1991-02-08
66.31,66.31,Predator 2,26,https://segaretro.org/Predator_2,1992-06-01
80.38,80.38,Premier Manager,8,https://segaretro.org/Premier_Manager,
74.58,74.58,Premier Manager 97,4,https://segaretro.org/Premier_Manager_97,1996-10-31
74.14,74.14,Primal Rage,32,https://segaretro.org/Primal_Rage,1995-08-25
64.67,64.67,Prime Time NFL Football Starring Deion Sanders,5,https://segaretro.org/Prime_Time_NFL_Football_Starring_Deion_Sanders,1995-11-07
76.79,76.79,Prince of Persia,35,https://segaretro.org/Prince_of_Persia,1994-01-01
50.71,50.71,Pro Quarterback,7,https://segaretro.org/Pro_Quarterback,1992-06-01
64.48,64.48,Pro Striker Final Stage,3,https://segaretro.org/Pro_Striker_Final_Stage,1995-08-04
65.64,65.64,Pro Yakyuu Super League '91,8,https://segaretro.org/Pro_Yakyuu_Super_League_%2791,1991-08-30
59.93,59.93,Psy-O-Blade,5,https://segaretro.org/Psy-O-Blade,1990-04-27
80.48,80.48,Psycho Pinball,21,https://segaretro.org/Psycho_Pinball,1994-11-25
80.02,80.02,Puggsy,30,https://segaretro.org/Puggsy,1993-06-01
68.97,68.97,Pulseman,8,https://segaretro.org/Pulseman,1994-07-22
80.50,80.50,Puyo Puyo,11,https://segaretro.org/Puyo_Puyo,1992-12-18
75.15,75.15,Puyo Puyo Tsuu,6,https://segaretro.org/Puyo_Puyo_Tsuu,1994-12-02
70.23,70.23,Puzzle & Action: Ichidant-R,4,https://segaretro.org/Puzzle_%26_Action:_Ichidant-R,1995-01-13
69.17,69.17,Puzzle & Action: Tant-R,4,https://segaretro.org/Puzzle_%26_Action:_Tant-R,1994-04-01
84.06,84.06,QuackShot Starring Donald Duck,47,https://segaretro.org/QuackShot_Starring_Donald_Duck,1991-12-01
52.32,52.32,Quad Challenge,18,https://segaretro.org/Quad_Challenge,1991-08-06
62.26,62.26,R.B.I. Baseball 3,4,https://segaretro.org/R.B.I._Baseball_3,1991-07-01
72.28,72.28,R.B.I. Baseball 4,22,https://segaretro.org/R.B.I._Baseball_4,1992-09-01
72.39,72.39,R.B.I. Baseball '93,9,https://segaretro.org/R.B.I._Baseball_%2793,1993-06-01
74.13,74.13,R.B.I. Baseball '94,24,https://segaretro.org/R.B.I._Baseball_%2794,1994-04-01
56.88,56.88,Race Drivin',8,https://segaretro.org/Race_Drivin%27,1993-11-01
73.17,73.17,Radical Rex,17,https://segaretro.org/Radical_Rex,1994-11-01
68.64,68.64,Raiden Trad,30,https://segaretro.org/Raiden_Trad,1991-07-06
77.73,77.73,Rainbow Islands Extra,21,https://segaretro.org/Rainbow_Islands_Extra,1990-10-05
74.32,74.32,Rambo III,29,https://segaretro.org/Rambo_III_(Mega_Drive),1989-10-21
74.43,74.43,Rampart,18,https://segaretro.org/Rampart,1992-08-01
79.89,79.89,Ranger-X,36,https://segaretro.org/Ranger-X,1993-05-28
66.88,66.88,Ransei no Hasha,6,https://segaretro.org/Ransei_no_Hasha,1991-11-29
51.59,51.59,Rastan Saga II,13,https://segaretro.org/Rastan_Saga_II,1990-08-10
75.86,75.86,Red Zone,30,https://segaretro.org/Red_Zone,1994-11-01
66.43,66.43,Rent A Hero,6,https://segaretro.org/Rent_A_Hero,1991-09-20
46.04,46.04,Revolution X,9,https://segaretro.org/Revolution_X,1995-06-01
55.05,55.05,Richard Scarry's Busytown,2,https://segaretro.org/Richard_Scarry%27s_Busytown,1994-11-01
68.33,68.33,Rings of Power,24,https://segaretro.org/Rings_of_Power,1992-01-01
51.53,51.53,Rise of the Robots,17,https://segaretro.org/Rise_of_the_Robots,1995-02-01
50.05,50.05,Risk,3,https://segaretro.org/Risk,1994-09-01
69.77,69.77,Risky Woods,30,https://segaretro.org/Risky_Woods,1992-12-01
78.95,78.95,Ristar,37,https://segaretro.org/Ristar,1995-02-16
82.89,82.89,Road Rash,38,https://segaretro.org/Road_Rash,1991-09-01
79.30,79.30,Road Rash 3: Tour De Force,33,https://segaretro.org/Road_Rash_3:_Tour_De_Force,1995-03-01
82.09,82.09,Road Rash II,42,https://segaretro.org/Road_Rash_II,1992-12-01
56.39,56.39,RoadBlasters,16,https://segaretro.org/RoadBlasters,1991-08-01
54.43,54.43,RoboCop 3,19,https://segaretro.org/RoboCop_3,1993-11-01
79.97,79.97,RoboCop Versus The Terminator,38,https://segaretro.org/RoboCop_Versus_The_Terminator,1994-03-01
80.93,80.93,Rock n' Roll Racing,22,https://segaretro.org/Rock_n%27_Roll_Racing,1994-11-01
84.41,84.41,Rocket Knight Adventures,49,https://segaretro.org/Rocket_Knight_Adventures,1993-08-01
60.06,60.06,Rockman X3,1,https://segaretro.org/Rockman_X3_(Mega_Drive),
59.76,59.76,Roger Clemens' MVP Baseball,6,https://segaretro.org/Roger_Clemens%27_MVP_Baseball,1993-02-01
79.27,79.27,Rolling Thunder 2,42,https://segaretro.org/Rolling_Thunder_2,1991-11-19
63.63,63.63,Rolling Thunder 3,12,https://segaretro.org/Rolling_Thunder_3,1993-07-01
79.66,79.66,Rolo to the Rescue,36,https://segaretro.org/Rolo_to_the_Rescue,1993-03-01
63.17,63.17,Romance of the Three Kingdoms II,8,https://segaretro.org/Romance_of_the_Three_Kingdoms_II,1991-12-26
64.97,64.97,Romance of the Three Kingdoms III: Dragon of Destiny,14,https://segaretro.org/Romance_of_the_Three_Kingdoms_III:_Dragon_of_Destiny,1992-11-08
77.48,77.48,Rugby World Cup 1995,20,https://segaretro.org/Rugby_World_Cup_1995,1994-12-01
73.47,73.47,S.S. Lucifer: Man Overboard!,19,https://segaretro.org/S.S._Lucifer:_Man_Overboard!,1994-11-01
61.43,61.43,Saint Sword,19,https://segaretro.org/Saint_Sword,1991-06-28
83.12,83.12,Sampras Tennis 96,26,https://segaretro.org/Sampras_Tennis_96,1995-07-26
75.87,75.87,Samurai Shodown,30,https://segaretro.org/Samurai_Shodown,1994-11-19
59.50,59.50,Sangokushi Retsuden: Ransei no Eiyuutachi,6,https://segaretro.org/Sangokushi_Retsuden:_Ransei_no_Eiyuutachi,1991-04-29
60.10,60.10,Saturday Night Slam Masters,14,https://segaretro.org/Saturday_Night_Slam_Masters,1994-06-01
57.67,57.67,Scholastic's The Magic School Bus: Space Exploration Game,3,https://segaretro.org/Scholastic%27s_The_Magic_School_Bus:_Space_Exploration_Game,1995-06-01
71.98,71.98,Scooby-Doo Mystery,12,https://segaretro.org/Scooby-Doo_Mystery,1995-09-01
74.07,74.07,SeaQuest DSV,14,https://segaretro.org/SeaQuest_DSV,1995-02-01
75.08,75.08,Sega Top Five,1,https://segaretro.org/Sega_Top_Five,
82.53,82.53,Sensible Soccer,31,https://segaretro.org/Sensible_Soccer,1993-11-01
77.17,77.17,Sensible Soccer: International Edition,6,https://segaretro.org/Sensible_Soccer:_International_Edition,1994-07-15
65.06,65.06,Sesame Street Counting Cafe,2,https://segaretro.org/Sesame_Street_Counting_Cafe,1994-06-01
50.29,50.29,Shadow Blasters,14,https://segaretro.org/Shadow_Blasters,1990-08-10
76.28,76.28,Shadow Dancer: The Secret of Shinobi,38,https://segaretro.org/Shadow_Dancer:_The_Secret_of_Shinobi,1990-12-01
66.14,66.14,Shadow of the Beast,40,https://segaretro.org/Shadow_of_the_Beast,1991-11-01
68.17,68.17,Shadow of the Beast II,25,https://segaretro.org/Shadow_of_the_Beast_II,1992-11-01
82.11,82.11,Shadowrun,19,https://segaretro.org/Shadowrun_(Mega_Drive),1994-03-01
69.57,69.57,Shanghai II: Dragon's Eye,4,https://segaretro.org/Shanghai_II:_Dragon%27s_Eye,1994-03-01
69.80,69.80,Shaq Fu,29,https://segaretro.org/Shaq_Fu,1994-06-01
30.03,30.03,Shi Jie Zhi Bang Zheng Ba Zhan: World Pro Baseball 94,1,https://segaretro.org/Shi_Jie_Zhi_Bang_Zheng_Ba_Zhan:_World_Pro_Baseball_94,
67.85,67.85,Shikinjoh,9,https://segaretro.org/Shikinjoh,1991-04-27
86.34,86.34,Shining Force,33,https://segaretro.org/Shining_Force,1992-03-20
84.13,84.13,Shining Force II,32,https://segaretro.org/Shining_Force_II,1993-10-01
81.72,81.72,Shining in the Darkness,36,https://segaretro.org/Shining_in_the_Darkness,1991-03-29
82.22,82.22,Shinobi III: Return of the Ninja Master,56,https://segaretro.org/Shinobi_III:_Return_of_the_Ninja_Master,1993-06-01
56.04,56.04,Shougi no Hoshi,6,https://segaretro.org/Shougi_no_Hoshi,1991-10-31
62.14,62.14,Shove It! ...The Warehouse Game,19,https://segaretro.org/Shove_It!_...The_Warehouse_Game,1990-01-30
64.83,64.83,Shura no Mon,6,https://segaretro.org/Shura_no_Mon,1992-08-07
70.85,70.85,Side Pocket,40,https://segaretro.org/Side_Pocket,1992-06-01
77.91,77.91,Skeleton Krew,30,https://segaretro.org/Skeleton_Krew,1995-03-01
77.43,77.43,Skitchin',43,https://segaretro.org/Skitchin%27,1994-03-01
69.77,69.77,Slap Fight MD,8,https://segaretro.org/Slap_Fight_MD,1993-06-11
61.81,61.81,Slaughter Sport,27,https://segaretro.org/Slaughter_Sport,1990-10-12
63.92,63.92,Smash T.V.,18,https://segaretro.org/Smash_T.V.,1992-08-01
69.69,69.69,Snake Rattle 'n' Roll,16,https://segaretro.org/Snake_Rattle_%27n%27_Roll,1993-10-01
70.95,70.95,Snow Bros.,14,https://segaretro.org/Snow_Bros.,1993-05-28
57.65,57.65,Socket,13,https://segaretro.org/Socket,1993-08-17
68.07,68.07,Sol-Feace,9,https://segaretro.org/Sol-Feace,1992-04-01
86.69,86.69,Sonic & Knuckles,54,https://segaretro.org/Sonic_%26_Knuckles,1994-10-18
86.15,86.15,Sonic 3D: Flickies' Island,23,https://segaretro.org/Sonic_3D:_Flickies%27_Island,1996-11-08
89.86,89.86,Sonic the Hedgehog,43,https://segaretro.org/Sonic_the_Hedgehog_(Mega_Drive),1991-06-01
90.24,90.24,Sonic the Hedgehog 2,52,https://segaretro.org/Sonic_the_Hedgehog_2_(Mega_Drive),1992-11-21
89.79,89.79,Sonic the Hedgehog 3,52,https://segaretro.org/Sonic_the_Hedgehog_3,1994-02-02
81.47,81.47,Sonic the Hedgehog Spinball,39,https://segaretro.org/Sonic_the_Hedgehog_Spinball,1993-11-15
69.84,69.84,Sorcerer's Kingdom,8,https://segaretro.org/Sorcerer%27s_Kingdom,1992-02-07
72.73,72.73,Sorcerian,4,https://segaretro.org/Sorcerian,1990-02-24
70.07,70.07,Soul Edge vs. Samurai Spirits,1,https://segaretro.org/Soul_Edge_vs._Samurai_Spirits,
63.70,63.70,Space Harrier II,29,https://segaretro.org/Space_Harrier_II,1988-10-29
62.13,62.13,Space Invaders 90,15,https://segaretro.org/Space_Invaders_90,1990-09-07
78.34,78.34,Sparkster: Rocket Knight Adventures 2,29,https://segaretro.org/Sparkster:_Rocket_Knight_Adventures_2,1994-09-23
82.00,82.00,Speedball 2: Brutal Deluxe,44,https://segaretro.org/Speedball_2:_Brutal_Deluxe,1991-12-01
55.54,55.54,Spider-Man,12,https://segaretro.org/Spider-Man_(Acclaim),1995-03-01
70.12,70.12,Spider-Man and the X-Men in Arcade's Revenge,17,https://segaretro.org/Spider-Man_and_the_X-Men_in_Arcade%27s_Revenge,1993-06-01
66.70,66.70,Spider-Man and Venom: Maximum Carnage,16,https://segaretro.org/Spider-Man_and_Venom:_Maximum_Carnage,1994-06-01
76.38,76.38,Spider-Man vs. The Kingpin,31,https://segaretro.org/Spider-Man_vs._The_Kingpin,1991-08-01
72.76,72.76,Spirou,16,https://segaretro.org/Spirou,1995-09-01
68.97,68.97,Splatterhouse 2,43,https://segaretro.org/Splatterhouse_2,1992-07-01
72.58,72.58,Splatterhouse 3,28,https://segaretro.org/Splatterhouse_3,1993-03-19
75.98,75.98,Sports Talk Baseball,10,https://segaretro.org/Sports_Talk_Baseball,1992-05-01
77.69,77.69,Spot Goes to Hollywood,30,https://segaretro.org/Spot_Goes_to_Hollywood,1995-06-01
35.03,35.03,Squirrel King,3,https://segaretro.org/Squirrel_King,
75.76,75.76,Star Control,21,https://segaretro.org/Star_Control,1991-06-01
53.11,53.11,Star Cruiser,6,https://segaretro.org/Star_Cruiser,1990-12-21
67.16,67.16,Star Trek: Deep Space Nine: Crossroads of Time,16,https://segaretro.org/Star_Trek:_Deep_Space_Nine:_Crossroads_of_Time,1995-06-01
70.38,70.38,Star Trek: The Next Generation: Echoes from the Past,17,https://segaretro.org/Star_Trek:_The_Next_Generation:_Echoes_from_the_Past,1994-03-01
85.59,85.59,Star Wars: Rebel Assault,2,https://segaretro.org/Star_Wars:_Rebel_Assault,
80.41,80.41,Starflight,23,https://segaretro.org/Starflight,1991-10-07
69.73,69.73,Stargate,26,https://segaretro.org/Stargate_(Mega_Drive),1995-02-01
53.84,53.84,Steel Talons,26,https://segaretro.org/Steel_Talons,1992-06-01
64.50,64.50,Stormlord,21,https://segaretro.org/Stormlord,1991-07-01
90.31,90.31,Street Fighter II': Special Champion Edition,48,https://segaretro.org/Street_Fighter_II%27:_Special_Champion_Edition,1993-09-18
82.08,82.08,Street Racer,19,https://segaretro.org/Street_Racer,1995-04-01
51.17,51.17,Street Smart,23,https://segaretro.org/Street_Smart,1991-06-01
84.27,84.27,Streets of Rage,46,https://segaretro.org/Streets_of_Rage,1991-08-02
86.32,86.32,Streets of Rage 2,49,https://segaretro.org/Streets_of_Rage_2,1992-12-15
78.58,78.58,Streets of Rage 3,43,https://segaretro.org/Streets_of_Rage_3,1994-03-18
86.27,86.27,Strider,36,https://segaretro.org/Strider,1990-09-29
69.51,69.51,Strider II,20,https://segaretro.org/Strider_II,1993-03-01
71.29,71.29,Striker,17,https://segaretro.org/Striker_(Mega_Drive),1995-06-01
81.96,81.96,Sub-Terrania,36,https://segaretro.org/Sub-Terrania,1994-04-01
67.02,67.02,Summer Challenge,28,https://segaretro.org/Summer_Challenge,1993-05-01
74.43,74.43,Sunset Riders,35,https://segaretro.org/Sunset_Riders,1992-12-01
57.45,57.45,Super Airwolf,18,https://segaretro.org/Super_Airwolf,1991-03-29
73.90,73.90,Super Baseball 2020,28,https://segaretro.org/Super_Baseball_2020,1993-09-24
35.23,35.23,Super Battleship: The Classic Naval Combat Game,10,https://segaretro.org/Super_Battleship:_The_Classic_Naval_Combat_Game,1994-03-01
76.88,76.88,Super Daisenryaku,7,https://segaretro.org/Super_Daisenryaku,1989-04-29
57.56,57.56,Super Donkey Kong 99,4,https://segaretro.org/Super_Donkey_Kong_99,
75.30,75.30,Super Fantasy Zone,22,https://segaretro.org/Super_Fantasy_Zone,1992-01-14
79.44,79.44,Super Hang-On,37,https://segaretro.org/Super_Hang-On,1989-10-06
62.89,62.89,Super High Impact,20,https://segaretro.org/Super_High_Impact,1992-09-01
54.75,54.75,Super Hydlide,28,https://segaretro.org/Super_Hydlide,1989-10-06
79.07,79.07,Super Kick Off,27,https://segaretro.org/Super_Kick_Off,1993-05-01
71.91,71.91,Super League,21,https://segaretro.org/Super_League_(Mega_Drive),1989-04-22
50.05,50.05,Super Mario 2 1998,2,https://segaretro.org/Super_Mario_2_1998,
40.04,40.04,Super Mario World,1,https://segaretro.org/Super_Mario_World,
84.96,84.96,Super Monaco GP,38,https://segaretro.org/Super_Monaco_GP,1990-08-09
74.25,74.25,Super Off Road,23,https://segaretro.org/Super_Off_Road,1992-07-01
73.70,73.70,Super Real Basketball,31,https://segaretro.org/Super_Real_Basketball,1990-03-02
81.41,81.41,Super Skidmarks,20,https://segaretro.org/Super_Skidmarks,1995-11-01
87.37,87.37,Super Street Fighter II: The New Challengers,36,https://segaretro.org/Super_Street_Fighter_II:_The_New_Challengers,1994-06-25
77.58,77.58,Super Thunder Blade,1,https://segaretro.org/Super_Thunder_Blade,1988-10-29
64.11,64.11,Super Volley Ball,26,https://segaretro.org/Super_Volley_Ball,1991-02-01
59.45,59.45,Superman: The Man of Steel,22,https://segaretro.org/Superman:_The_Man_of_Steel,1992-12-01
63.91,63.91,Surging Aura,4,https://segaretro.org/Surging_Aura,1995-03-17
47.95,47.95,Sword of Sodan,27,https://segaretro.org/Sword_of_Sodan,1990-12-01
78.93,78.93,Sword of Vermilion,30,https://segaretro.org/Sword_of_Vermilion,1989-12-16
53.58,53.58,Syd of Valis,16,https://segaretro.org/Syd_of_Valis,1992-02-14
76.38,76.38,Sylvester and Tweety in Cagey Capers,32,https://segaretro.org/Sylvester_and_Tweety_in_Cagey_Capers,1994-07-01
76.10,76.10,Syndicate,28,https://segaretro.org/Syndicate,1994-06-01
77.31,77.31,T2: The Arcade Game,33,https://segaretro.org/T2:_The_Arcade_Game,1992-06-01
63.53,63.53,Taikou Risshiden,6,https://segaretro.org/Taikou_Risshiden,1993-05-28
69.01,69.01,TaleSpin,29,https://segaretro.org/TaleSpin,1992-11-01
63.43,63.43,Target Earth,22,https://segaretro.org/Target_Earth,1990-03-16
55.84,55.84,Task Force Harrier EX,17,https://segaretro.org/Task_Force_Harrier_EX,1991-12-20
72.16,72.16,Taz in Escape from Mars,33,https://segaretro.org/Taz_in_Escape_from_Mars,1994-08-01
80.13,80.13,Taz-Mania,45,https://segaretro.org/Taz-Mania,1992-07-01
70.18,70.18,Team USA Basketball,34,https://segaretro.org/Team_USA_Basketball,1992-08-01
74.96,74.96,TechnoClash,26,https://segaretro.org/TechnoClash,1993-08-01
46.81,46.81,Technocop,16,https://segaretro.org/Technocop,1990-12-01
60.56,60.56,Tecmo Super Baseball,2,https://segaretro.org/Tecmo_Super_Baseball,1994-10-01
71.89,71.89,Tecmo Super Bowl,9,https://segaretro.org/Tecmo_Super_Bowl,1993-06-01
69.07,69.07,Tecmo Super Bowl II: Special Edition,4,https://segaretro.org/Tecmo_Super_Bowl_II:_Special_Edition,1994-12-20
68.07,68.07,Tecmo Super Bowl III: Final Edition,2,https://segaretro.org/Tecmo_Super_Bowl_III:_Final_Edition,1995-10-01
55.66,55.66,Tecmo Super Hockey,5,https://segaretro.org/Tecmo_Super_Hockey,1995-02-01
66.59,66.59,Tecmo Super NBA Basketball,9,https://segaretro.org/Tecmo_Super_NBA_Basketball,1993-12-01
57.86,57.86,Tecmo World Cup '92,28,https://segaretro.org/Tecmo_World_Cup_%2792,1992-01-31
77.16,77.16,Teenage Mutant Ninja Turtles: The Hyperstone Heist,41,https://segaretro.org/Teenage_Mutant_Ninja_Turtles:_The_Hyperstone_Heist,1992-12-01
72.44,72.44,Teenage Mutant Ninja Turtles: Tournament Fighters,39,https://segaretro.org/Teenage_Mutant_Ninja_Turtles:_Tournament_Fighters,1993-12-02
58.06,58.06,Tekken Special,3,https://segaretro.org/Tekken_Special,
61.14,61.14,Tel-Tel Mahjong,5,https://segaretro.org/Tel-Tel_Mahjong,1990-06-08
70.64,70.64,Tel-Tel Stadium,7,https://segaretro.org/Tel-Tel_Stadium,1990-10-21
45.97,45.97,Terminator 2: Judgment Day,16,https://segaretro.org/Terminator_2:_Judgment_Day,1993-12-01
73.67,73.67,Tetris,5,https://segaretro.org/Tetris,1989-06-01
69.90,69.90,The Addams Family,31,https://segaretro.org/The_Addams_Family_(Mega_Drive),1993-06-01
71.53,71.53,The Adventures of Batman & Robin,37,https://segaretro.org/The_Adventures_of_Batman_%26_Robin_(Mega_Drive),1995-06-01
59.63,59.63,The Adventures of Mighty Max,16,https://segaretro.org/The_Adventures_of_Mighty_Max,1994-11-01
62.56,62.56,The Adventures of Rocky and Bullwinkle and Friends,8,https://segaretro.org/The_Adventures_of_Rocky_and_Bullwinkle_and_Friends,1994-01-01
75.18,75.18,The Aquatic Games Starring James Pond and The Aquabats,35,https://segaretro.org/The_Aquatic_Games_Starring_James_Pond_and_The_Aquabats,1992-09-01
54.05,54.05,The Berenstain Bears' Camping Adventure,4,https://segaretro.org/The_Berenstain_Bears%27_Camping_Adventure,1994-11-01
80.32,80.32,The Chaos Engine,33,https://segaretro.org/The_Chaos_Engine,1993-11-01
63.48,63.48,The Death and Return of Superman,21,https://segaretro.org/The_Death_and_Return_of_Superman,1995-01-01
73.07,73.07,The Disney Collection,1,https://segaretro.org/The_Disney_Collection,1996-06-01
65.63,65.63,The Duel: Test Drive II,30,https://segaretro.org/The_Duel:_Test_Drive_II,1992-03-01
67.39,67.39,The Faery Tale Adventure,23,https://segaretro.org/The_Faery_Tale_Adventure,1991-07-01
66.07,66.07,The Flintstones,1,https://segaretro.org/The_Flintstones_(Ocean),
69.39,69.39,The Flintstones,38,https://segaretro.org/The_Flintstones_(Taito),1993-04-01
66.17,66.17,The Gadget Twins,12,https://segaretro.org/The_Gadget_Twins,1992-08-01
67.18,67.18,The Great Circus Mystery Starring Mickey & Minnie,12,https://segaretro.org/The_Great_Circus_Mystery_Starring_Mickey_%26_Minnie,1994-12-01
50.14,50.14,The Great Waldo Search,7,https://segaretro.org/The_Great_Waldo_Search,1992-12-01
74.67,74.67,The Humans,20,https://segaretro.org/The_Humans,1992-09-01
67.35,67.35,The Hybrid Front,5,https://segaretro.org/The_Hybrid_Front,1994-07-22
58.63,58.63,The Incredible Crash Dummies,15,https://segaretro.org/The_Incredible_Crash_Dummies_(Mega_Drive),1994-01-01
67.28,67.28,The Incredible Hulk,32,https://segaretro.org/The_Incredible_Hulk,1994-07-01
85.46,85.46,The Jungle Book,41,https://segaretro.org/The_Jungle_Book,1994-07-01
65.76,65.76,The Lawnmower Man,20,https://segaretro.org/The_Lawnmower_Man_(Mega_Drive),1994-06-01
81.34,81.34,The Lion King,44,https://segaretro.org/The_Lion_King,1994-06-01
61.06,61.06,The Lion King 3,2,https://segaretro.org/The_Lion_King_3,
77.08,77.08,The Lion King II,4,https://segaretro.org/The_Lion_King_II,
84.04,84.04,The Lost Vikings,39,https://segaretro.org/The_Lost_Vikings,1994-01-01
84.39,84.39,The Lost World: Jurassic Park,11,https://segaretro.org/The_Lost_World:_Jurassic_Park_(Mega_Drive),1997-09-16
70.07,70.07,The Miracle Piano Teaching System,2,https://segaretro.org/The_Miracle_Piano_Teaching_System_(software),1992-11-01
81.76,81.76,The Misadventures of Flink,21,https://segaretro.org/The_Misadventures_of_Flink,1994-08-01
79.22,79.22,The NewZealand Story,20,https://segaretro.org/The_NewZealand_Story,1990-03-03
69.07,69.07,The Ooze,16,https://segaretro.org/The_Ooze,1995-09-01
69.25,69.25,The Ottifants,21,https://segaretro.org/The_Ottifants,1993-12-01
70.45,70.45,The Pagemaster,22,https://segaretro.org/The_Pagemaster,1994-11-01
69.69,69.69,The Pirates of Dark Water,21,https://segaretro.org/The_Pirates_of_Dark_Water,1994-06-01
56.65,56.65,The Punisher,18,https://segaretro.org/The_Punisher,1995-02-01
71.68,71.68,The Ren & Stimpy Show Presents Stimpy's Invention,31,https://segaretro.org/The_Ren_%26_Stimpy_Show_Presents_Stimpy%27s_Invention,1993-12-01
86.07,86.07,The Revenge of Shinobi,41,https://segaretro.org/The_Revenge_of_Shinobi,1989-12-01
68.67,68.67,The Second Samurai,18,https://segaretro.org/The_Second_Samurai,1994-10-01
68.95,68.95,The Simpsons: Bart vs. the Space Mutants,27,https://segaretro.org/The_Simpsons:_Bart_vs._the_Space_Mutants,1992-06-01
64.52,64.52,The Simpsons: Bart's Nightmare,22,https://segaretro.org/The_Simpsons:_Bart%27s_Nightmare,1993-08-01
72.70,72.70,The Smurfs,23,https://segaretro.org/The_Smurfs,
80.08,80.08,The Smurfs Travel the World,3,https://segaretro.org/The_Smurfs_Travel_the_World,1996-11-01
72.28,72.28,The Steel Empire,33,https://segaretro.org/The_Steel_Empire,1992-03-13
83.08,83.08,The Story of Thor: A Successor of the Light,37,https://segaretro.org/The_Story_of_Thor:_A_Successor_of_the_Light,1994-12-09
72.84,72.84,The Terminator,35,https://segaretro.org/The_Terminator,1992-05-01
46.15,46.15,The Tick,5,https://segaretro.org/The_Tick,1994-12-01
79.32,79.32,Theme Park,22,https://segaretro.org/Theme_Park,1995-05-02
77.00,77.00,Thunder Force II,30,https://segaretro.org/Thunder_Force_II,1989-06-15
87.35,87.35,Thunder Force III,42,https://segaretro.org/Thunder_Force_III,1990-06-08
87.22,87.22,Thunder Force IV,45,https://segaretro.org/Thunder_Force_IV,1992-06-01
53.48,53.48,Thunder Fox,16,https://segaretro.org/Thunder_Fox,1991-06-01
50.44,50.44,Thunder Pro Wrestling Retsuden,10,https://segaretro.org/Thunder_Pro_Wrestling_Retsuden,1992-03-27
32.87,32.87,Time Killers,9,https://segaretro.org/Time_Killers,1996-07-01
63.21,63.21,Tinhead,6,https://segaretro.org/Tinhead,1993-06-01
74.27,74.27,Tintin in Tibet,11,https://segaretro.org/Tintin_in_Tibet,1996-06-01
74.88,74.88,Tiny Toon Adventures: ACME All-Stars,23,https://segaretro.org/Tiny_Toon_Adventures:_ACME_All-Stars,1994-10-01
86.76,86.76,Tiny Toon Adventures: Buster's Hidden Treasure,33,https://segaretro.org/Tiny_Toon_Adventures:_Buster%27s_Hidden_Treasure,1993-03-01
56.33,56.33,TNN Bass Tournament of Champions,3,https://segaretro.org/TNN_Bass_Tournament_of_Champions,1994-12-01
56.33,56.33,TNN Outdoors Bass Tournament '96,3,https://segaretro.org/TNN_Outdoors_Bass_Tournament_%2796,1996-02-01
63.76,63.76,Todd's Adventures in Slime World,18,https://segaretro.org/Todd%27s_Adventures_in_Slime_World,1992-04-30
79.09,79.09,ToeJam & Earl,36,https://segaretro.org/ToeJam_%26_Earl,1991-10-01
86.99,86.99,ToeJam & Earl in Panic on Funkotron,34,https://segaretro.org/ToeJam_%26_Earl_in_Panic_on_Funkotron,1993-12-01
67.41,67.41,Toki: Going Ape Spit,41,https://segaretro.org/Toki:_Going_Ape_Spit,
53.07,53.07,Tom and Jerry: Frantic Antics,17,https://segaretro.org/Tom_and_Jerry:_Frantic_Antics,1993-12-01
74.58,74.58,Tony La Russa Baseball,6,https://segaretro.org/Tony_La_Russa_Baseball,1993-03-01
47.55,47.55,Top Fighter 2000 MK VIII,2,https://segaretro.org/Top_Fighter_2000_MK_VIII,
60.56,60.56,Top Gear 2,4,https://segaretro.org/Top_Gear_2,1994-09-01
57.85,57.85,Top Pro Golf,6,https://segaretro.org/Top_Pro_Golf,1992-06-19
68.63,68.63,Total Football,8,https://segaretro.org/Total_Football,1995-07-01
73.08,73.08,Toughman Contest,26,https://segaretro.org/Toughman_Contest,1995-03-01
60.91,60.91,Tougi Ou King Colossus,7,https://segaretro.org/Tougi_Ou_King_Colossus,1992-06-26
51.57,51.57,Toxic Crusaders,14,https://segaretro.org/Toxic_Crusaders,1992-12-01
85.59,85.59,Toy Story,28,https://segaretro.org/Toy_Story,1995-11-25
46.81,46.81,Toys,8,https://segaretro.org/Toys,1993-06-01
36.71,36.71,Trampoline Terror!,7,https://segaretro.org/Trampoline_Terror!,1990-12-01
44.92,44.92,Traysia,12,https://segaretro.org/Traysia,1992-02-14
76.71,76.71,Triple Play 96,7,https://segaretro.org/Triple_Play_96,1995-06-01
83.76,83.76,Triple Play: Gold Edition,2,https://segaretro.org/Triple_Play:_Gold_Edition,1996-06-20
71.16,71.16,Trouble Shooter,22,https://segaretro.org/Trouble_Shooter,1991-11-01
72.63,72.63,Troy Aikman NFL Football,4,https://segaretro.org/Troy_Aikman_NFL_Football,1994-10-01
70.62,70.62,True Lies,27,https://segaretro.org/True_Lies,1995-04-01
75.72,75.72,Truxton,36,https://segaretro.org/Truxton,1989-12-01
56.59,56.59,Turbo OutRun,25,https://segaretro.org/Turbo_OutRun,1992-03-27
73.09,73.09,Turrican,23,https://segaretro.org/Turrican,1991-07-01
64.69,64.69,Twin Cobra,31,https://segaretro.org/Twin_Cobra,1991-02-22
67.31,67.31,Twin Hawk,28,https://segaretro.org/Twin_Hawk,1990-06-01
75.05,75.05,Twinkle Tale,23,https://segaretro.org/Twinkle_Tale,1992-07-24
71.35,71.35,Two Crude Dudes,38,https://segaretro.org/Two_Crude_Dudes,1992-02-28
84.48,84.48,Two Tribes: Populous II,33,https://segaretro.org/Two_Tribes:_Populous_II,1993-10-01
58.00,58.00,Uchuu Senkan Gomora,16,https://segaretro.org/Uchuu_Senkan_Gomora,1991-09-30
83.22,83.22,Ultimate Mortal Kombat 3,9,https://segaretro.org/Ultimate_Mortal_Kombat_3,
83.22,83.22,Ultimate Mortal Kombat 3,9,https://segaretro.org/Ultimate_Mortal_Kombat_3_(Mega_Drive),1996-10-11
67.53,67.53,Ultimate Qix,16,https://segaretro.org/Ultimate_Qix,1991-01-25
76.69,76.69,Ultimate Soccer,25,https://segaretro.org/Ultimate_Soccer,1993-06-01
45.61,45.61,Ultraman,5,https://segaretro.org/Ultraman,1993-04-09
67.71,67.71,Uncharted Waters,12,https://segaretro.org/Uncharted_Waters,1992-04-29
74.67,74.67,Undeadline,21,https://segaretro.org/Undeadline,1991-12-20
68.46,68.46,Universal Soldier,20,https://segaretro.org/Universal_Soldier,1992-06-01
38.54,38.54,Unnecessary Roughness '95,12,https://segaretro.org/Unnecessary_Roughness_%2795,1994-11-01
83.05,83.05,Urban Strike,39,https://segaretro.org/Urban_Strike,1994-08-30
71.90,71.90,Valis III,26,https://segaretro.org/Valis_III,1991-03-22
60.57,60.57,Valis: The Fantasm Soldier,15,https://segaretro.org/Valis:_The_Fantasm_Soldier,1991-12-01
66.44,66.44,Vapor Trail: Hyper Offence Formation,22,https://segaretro.org/Vapor_Trail:_Hyper_Offence_Formation,1991-08-02
84.13,84.13,Vectorman,31,https://segaretro.org/Vectorman,1995-10-25
84.71,84.71,Vectorman 2,7,https://segaretro.org/Vectorman_2,1996-11-08
57.96,57.96,Venom - Spider-Man: Separation Anxiety,14,https://segaretro.org/Venom_-_Spider-Man:_Separation_Anxiety,1995-06-01
64.33,64.33,Verytex,21,https://segaretro.org/Verytex,1991-04-05
70.72,70.72,Viewpoint,13,https://segaretro.org/Viewpoint,1994-11-01
69.15,69.15,Virtua Fighter 2,13,https://segaretro.org/Virtua_Fighter_2_(Mega_Drive),1996-11-21
60.06,60.06,Virtua Fighter 2 vs. Tekken 2,1,https://segaretro.org/Virtua_Fighter_2_vs._Tekken_2,
87.07,87.07,Virtua Racing,48,https://segaretro.org/Virtua_Racing,1994-03-18
59.96,59.96,Virtual Bart,13,https://segaretro.org/Virtual_Bart,1994-06-01
67.33,67.33,Virtual Pinball,27,https://segaretro.org/Virtual_Pinball,1993-11-01
67.27,67.27,Vixen 357,4,https://segaretro.org/Vixen_357,1992-10-23
61.83,61.83,VR Troopers,17,https://segaretro.org/VR_Troopers,1995-06-01
58.33,58.33,Wacky Worlds,3,https://segaretro.org/Wacky_Worlds,1994-11-01
73.35,73.35,Wani Wani World,15,https://segaretro.org/Wani_Wani_World,1992-01-31
61.78,61.78,Wardner,28,https://segaretro.org/Wardner,1991-04-26
65.15,65.15,Warlock,24,https://segaretro.org/Warlock,1995-04-01
46.74,46.74,WarpSpeed,14,https://segaretro.org/WarpSpeed,1993-06-01
62.43,62.43,Warrior of Rome,20,https://segaretro.org/Warrior_of_Rome,1991-02-24
68.61,68.61,Warrior of Rome II,19,https://segaretro.org/Warrior_of_Rome_II,1992-05-01
70.04,70.04,Wayne Gretzky and the NHLPA All-Stars,23,https://segaretro.org/Wayne_Gretzky_and_the_NHLPA_All-Stars,1995-04-01
50.05,50.05,Wayne's World,2,https://segaretro.org/Wayne%27s_World,1993-08-01
79.57,79.57,Weaponlord,18,https://segaretro.org/Weaponlord,1995-09-01
37.57,37.57,Wheel of Fortune,7,https://segaretro.org/Wheel_of_Fortune_(GameTek),1992-07-01
69.37,69.37,Where in the World is Carmen Sandiego?,15,https://segaretro.org/Where_in_the_World_is_Carmen_Sandiego%3F,1992-06-01
71.54,71.54,Where in Time is Carmen Sandiego?,30,https://segaretro.org/Where_in_Time_is_Carmen_Sandiego%3F,1992-03-01
66.04,66.04,Whip Rush,26,https://segaretro.org/Whip_Rush,1990-05-26
86.09,86.09,Whizz,2,https://segaretro.org/Whizz,
79.84,79.84,Will Harvey Presents The Immortal,32,https://segaretro.org/Will_Harvey_Presents_The_Immortal,1991-11-01
63.58,63.58,Williams Arcade's Greatest Hits,6,https://segaretro.org/Williams_Arcade%27s_Greatest_Hits_(Mega_Drive),1996-06-01
73.03,73.03,Wimbledon Championship Tennis,30,https://segaretro.org/Wimbledon_Championship_Tennis,1993-06-01
73.08,73.08,Winter Challenge,36,https://segaretro.org/Winter_Challenge,1992-06-01
68.80,68.80,Winter Olympics,31,https://segaretro.org/Winter_Olympics,1993-12-01
78.81,78.81,Wiz 'n' Liz,33,https://segaretro.org/Wiz_%27n%27_Liz,1993-09-01
64.16,64.16,Wolfchild,5,https://segaretro.org/Wolfchild,1993-03-01
63.83,63.83,Wolverine: Adamantium Rage,25,https://segaretro.org/Wolverine:_Adamantium_Rage,1994-11-01
60.77,60.77,Wonder Boy III: Monster Lair,28,https://segaretro.org/Wonder_Boy_III:_Monster_Lair,1990-12-22
77.79,77.79,Wonder Boy in Monster World,34,https://segaretro.org/Wonder_Boy_in_Monster_World,1991-10-25
61.99,61.99,World Championship Soccer II,12,https://segaretro.org/World_Championship_Soccer_II,1994-06-01
71.39,71.39,World Class Leader Board,28,https://segaretro.org/World_Class_Leader_Board,1992-08-01
65.13,65.13,World Cup Soccer,31,https://segaretro.org/World_Cup_Soccer,1989-07-29
72.58,72.58,World Cup USA 94,24,https://segaretro.org/World_Cup_USA_94,1994-06-01
42.07,42.07,World Heroes,7,https://segaretro.org/World_Heroes,1994-07-01
85.86,85.86,World of Illusion Starring Mickey Mouse and Donald Duck,48,https://segaretro.org/World_of_Illusion_Starring_Mickey_Mouse_and_Donald_Duck,1992-12-14
83.13,83.13,World Series Baseball,8,https://segaretro.org/World_Series_Baseball_(Mega_Drive),1994-03-01
65.06,65.06,World Series Baseball 98,1,https://segaretro.org/World_Series_Baseball_98_(Mega_Drive),1997-07-18
79.08,79.08,World Series Baseball '95,9,https://segaretro.org/World_Series_Baseball_%2795_(Mega_Drive),1995-04-01
74.83,74.83,World Series Baseball '96,6,https://segaretro.org/World_Series_Baseball_%2796_(Mega_Drive),1996-07-17
52.55,52.55,World Trophy Soccer,2,https://segaretro.org/World_Trophy_Soccer,1992-09-01
78.56,78.56,Worms,18,https://segaretro.org/Worms,1996-08-08
59.33,59.33,Wrestle War,30,https://segaretro.org/Wrestle_War,1991-06-01
77.72,77.72,WWF Raw,18,https://segaretro.org/WWF_Raw,1994-11-01
75.91,75.91,WWF Royal Rumble,27,https://segaretro.org/WWF_Royal_Rumble_(Acclaim),1993-06-01
73.30,73.30,WWF Super WrestleMania,28,https://segaretro.org/WWF_Super_WrestleMania,1992-06-01
79.58,79.58,WWF WrestleMania: The Arcade Game,16,https://segaretro.org/WWF_WrestleMania:_The_Arcade_Game,1995-06-01
76.78,76.78,X-Men,42,https://segaretro.org/X-Men,1993-04-01
73.63,73.63,X-Men 2: Clone Wars,30,https://segaretro.org/X-Men_2:_Clone_Wars,1995-02-01
50.28,50.28,X-Perts,10,https://segaretro.org/X-Perts,1996-06-01
46.83,46.83,XDR,13,https://segaretro.org/XDR,1990-08-26
69.37,69.37,Xenon 2: Megablast,23,https://segaretro.org/Xenon_2:_Megablast,1992-10-01
60.06,60.06,Xiao Monv: Magic Girl,1,https://segaretro.org/Xiao_Monv:_Magic_Girl,2015-12-24
40.04,40.04,Xin Qi Gai Wang Zi,1,https://segaretro.org/Xin_Qi_Gai_Wang_Zi,2006-05-22
50.76,50.76,Yogi Bear: Cartoon Capers,14,https://segaretro.org/Yogi_Bear:_Cartoon_Capers,1994-06-01
67.49,67.49,Ys III: Wanderers from Ys,13,https://segaretro.org/Ys_III:_Wanderers_from_Ys,1991-11-01
43.98,43.98,Yuu Yuu Hakusho Gaiden,6,https://segaretro.org/Yuu_Yuu_Hakusho_Gaiden,1994-01-28
75.70,75.70,Yuu Yuu Hakusho: Makyou Toitsusen,9,https://segaretro.org/Yuu_Yuu_Hakusho:_Makyou_Toitsusen,1994-09-30
59.21,59.21,Zan Yasha Enbukyoku,6,https://segaretro.org/Zan_Yasha_Enbukyoku,1991-03-29
60.74,60.74,Zany Golf,22,https://segaretro.org/Zany_Golf,1990-10-01
77.66,77.66,Zero the Kamikaze Squirrel,22,https://segaretro.org/Zero_the_Kamikaze_Squirrel,1994-11-01
79.71,79.71,Zero Tolerance,34,https://segaretro.org/Zero_Tolerance,1994-09-01
78.33,78.33,Zero Wing,34,https://segaretro.org/Zero_Wing,1991-05-31
70.07,70.07,Zhuo Gui Da Shi: Ghost Hunter,1,https://segaretro.org/Zhuo_Gui_Da_Shi:_Ghost_Hunter,
82.81,82.81,Zombies Ate My Neighbors,33,https://segaretro.org/Zombies_Ate_My_Neighbors,1993-11-01
74.77,74.77,Zool,36,https://segaretro.org/Zool,1994-01-01
56.06,56.06,Zoom!,24,https://segaretro.org/Zoom!,1990-01-01
74.55,74.55,Zoop,21,https://segaretro.org/Zoop,1995-06-01
